interval_ns,swap_calls
2686954000,2
2112317000,4
2303948000,2
2206740000,2
1704650000,2
1195609000,58
1004238000,8
1000069000,120
1008394000,121
1006434000,121
1001910000,120
1008266000,120
1008353000,121
1004233000,120
1000619000,120
1011874000,121
2288401000,26
1415948000,1
1002818000,87
1007600000,103
1000668000,119
1003480000,109
1008136000,106
1015450000,68
1001502000,82
1000154000,78
1000787000,96
1009489000,104
1004498000,104
1005897000,104
1008815000,103
1012488000,89
1014682000,57
1002547000,88
1001305000,100
1006422000,101
1003793000,90
1005159000,94
1009795000,101
1005883000,103
1004536000,103
1005019000,103
1005235000,103
1007530000,103
1004320000,103
1009220000,103
1004703000,103
1003776000,89
1062350000,74
1005076000,66
1002262000,75
1001802000,90
1000671000,102
1003286000,104
1007570000,102
1006181000,103
1001091000,102
1046417000,97
1012417000,56
1004526000,89
1004041000,99
