elapsed_s,pid,cpu_pct,rss_kb
0.047,64803,126.2,3071036
1.069,64803,126.3,3071048
2.117,64803,113.8,3070816
3.139,64803,122.3,3070828
4.169,64803,121.9,3070796
5.195,64803,127.4,3070800
6.226,64803,125.3,3070804
7.25,64803,127.3,3070820
8.276,64803,118.9,3070820
9.302,64803,119.5,3070820
10.331,64803,127.3,3070820
11.357,64803,127.1,3070820
12.386,64803,117.0,3070820
13.42,64803,119.4,3070820
14.451,64803,115.6,3070820
15.473,64803,128.5,3070820
16.494,64803,128.1,3070820
17.518,64803,129.3,3070820
18.545,64803,120.6,3070820
19.573,64803,116.5,3070820
20.599,64803,116.3,3071040
21.627,64803,119.2,3071040
22.653,64803,121.2,3071040
23.681,64803,118.1,3071040
24.711,64803,117.3,3071040
25.741,64803,119.7,3071040
26.768,64803,119.6,3071040
27.796,64803,120.4,3071040
28.828,64803,118.5,3071040
29.857,64803,120.5,3071040
30.883,64803,115.2,3071040
31.913,64803,119.1,3071040
32.941,64803,118.7,3071040
33.969,64803,116.3,3071040
34.996,64803,117.9,3071040
36.025,64803,118.0,3071040
37.052,64803,119.8,3071040
38.079,64803,119.2,3071044
39.105,64803,118.0,3071044
40.128,64803,120.1,3071044
41.151,64803,118.6,3071044
42.18,64803,120.6,3071044
43.206,64803,116.2,3071044
44.231,64803,118.5,3071044
45.262,64803,123.6,3071044
46.285,64803,119.5,3071044
47.312,64803,120.6,3071044
48.338,64803,120.9,3071044
49.367,64803,117.9,3071044
50.39,64803,123.3,3071044
51.413,64803,130.5,3071044
52.441,64803,118.7,3071044
53.467,64803,119.5,3071044
54.495,64803,118.8,3071044
55.526,64803,118.8,3071044
56.555,64803,117.1,3071044
57.584,64803,118.2,3071044
58.611,64803,119.9,3071044
59.642,64803,120.5,3071044
60.67,64803,116.5,3071044
61.702,64803,119.5,3071044
62.728,64803,118.7,3071044
63.757,64803,123.4,3071044
64.788,64803,119.9,3071044
65.818,64803,116.1,3071044
66.846,64803,122.0,3071044
67.871,64803,117.4,3071044
68.9,64803,116.7,3071044
69.928,64803,120.9,3071044
70.954,64803,119.6,3071044
71.981,64803,119.4,3071044
73.009,64803,121.6,3071044
74.038,64803,119.8,3071044
75.067,64803,120.0,3071044
76.095,64803,119.2,3071044
77.124,64803,124.9,3071044
78.152,64803,118.4,3071044
79.178,64803,117.1,3071044
80.204,64803,119.7,3071044
81.232,64803,120.7,3071044
82.263,64803,119.4,3071044
83.291,64803,121.0,3071044
84.32,64803,118.7,3071044
85.349,64803,124.2,3071044
86.381,64803,118.4,3071044
87.406,64803,119.5,3071044
88.436,64803,120.8,3071044
89.465,64803,119.6,3071044
90.495,64803,123.8,3071044
91.524,64803,118.3,3071044
92.554,64803,130.9,3071056
93.667,64803,101.2,3010512
