S,646265485542291,1790583441285923000,2769068792,2,0
U,646265485542291,1790583441285923000,2769068792,0,1,1,0,0,6
S,646266496648541,1790583442297033000,1011106250,2,0
U,646266496648541,1790583442297033000,1011106250,0,3,3,0,0,4
S,646267608380499,1790583443408768000,1111731958,2,0
U,646267608380499,1790583443408768000,1111731958,0,10,10,0,0,4
S,646269903324458,1790583445703720000,2294943959,2,0
U,646269903324458,1790583445703720000,2294943959,0,10,10,0,0,4
S,646272223133916,1790583448023538000,2319809458,2,0
U,646272223133916,1790583448023538000,2319809458,0,10,10,0,0,4
S,646273934337624,1790583449734748000,1711203708,2,0
U,646273934337624,1790583449734748000,1711203708,0,10,10,0,0,4
S,646274937402208,1790583450737815000,1003064584,57,0
U,646274937402208,1790583450737815000,1003064584,0,285,285,0,0,114
S,646276762369666,1790583452562789000,1824967458,3,0
U,646276762369666,1790583452562789000,1824967458,0,124,124,0,0,6
S,646278626865916,1790583454427291000,1864496250,1,0
U,646278626865916,1790583454427291000,1864496250,0,4,4,0,0,2
S,646280164236791,1790583455964669000,1537370875,1,1
U,646280164236791,1790583455964669000,1537370875,0,356,356,0,0,2
S,646281165390708,1790583456965825000,1001153917,64,64
U,646281165390708,1790583456965825000,1001153917,0,243651,243651,0,0,128
S,646282174256208,1790583457974694000,1008865500,59,59
U,646282174256208,1790583457974694000,1008865500,0,307628,307628,0,0,118
S,646283174429708,1790583458974871000,1000173500,60,60
U,646283174429708,1790583458974871000,1000173500,0,312660,312660,0,0,120
S,646284190776999,1790583459991221000,1016347291,60,60
U,646284190776999,1790583459991221000,1016347291,0,312660,312660,0,0,120
S,646285203551499,1790583461004000000,1012774500,54,54
U,646285203551499,1790583461004000000,1012774500,0,281394,281394,0,0,108
S,646286203758499,1790583462004210000,1000207000,52,52
U,646286203758499,1790583462004210000,1000207000,0,270972,270972,0,0,104
S,646287206499416,1790583463006954000,1002740917,52,52
U,646287206499416,1790583463006954000,1002740917,0,270897,270897,0,0,104
S,646288222366083,1790583464022824000,1015866667,53,53
U,646288222366083,1790583464022824000,1015866667,0,275918,275918,0,0,106
S,646289233439083,1790583465033901000,1011073000,53,53
U,646289233439083,1790583465033901000,1011073000,0,275918,275918,0,0,106
S,646290251432416,1790583466051898000,1017993333,54,54
U,646290251432416,1790583466051898000,1017993333,0,281124,281124,0,0,108
S,646291253882708,1790583467054351000,1002450292,52,52
U,646291253882708,1790583467054351000,1002450292,0,270712,270712,0,0,104
S,646292255388124,1790583468055860000,1001505416,52,52
U,646292255388124,1790583468055860000,1001505416,0,270712,270712,0,0,104
S,646293259479874,1790583469059955000,1004091750,53,53
U,646293259479874,1790583469059955000,1004091750,0,275918,275918,0,0,106
S,646294262228291,1790583470062707000,1002748417,52,52
U,646294262228291,1790583470062707000,1002748417,0,270712,270712,0,0,104
S,646295263713208,1790583471064195000,1001484917,52,52
U,646295263713208,1790583471064195000,1001484917,0,270712,270712,0,0,104
S,646296268177124,1790583472068663000,1004463916,52,52
U,646296268177124,1790583472068663000,1004463916,0,270712,270712,0,0,104
S,646297269062541,1790583473069551000,1000885417,52,52
U,646297269062541,1790583473069551000,1000885417,0,270712,270712,0,0,104
S,646298270797624,1790583474071290000,1001735083,52,52
U,646298270797624,1790583474071290000,1001735083,0,270712,270712,0,0,104
S,646299274658624,1790583475075154000,1003861000,53,53
U,646299274658624,1790583475075154000,1003861000,0,275918,275918,0,0,106
S,646300285253208,1790583476085752000,1010594584,53,53
U,646300285253208,1790583476085752000,1010594584,0,275918,275918,0,0,106
S,646301299141208,1790583477099644000,1013888000,53,53
U,646301299141208,1790583477099644000,1013888000,0,275918,275918,0,0,106
S,646302299618249,1790583478100124000,1000477041,53,53
U,646302299618249,1790583478100124000,1000477041,0,275918,275918,0,0,106
S,646303311566708,1790583479112076000,1011948459,53,53
U,646303311566708,1790583479112076000,1011948459,0,275918,275918,0,0,106
S,646304327722291,1790583480128235000,1016155583,53,53
U,646304327722291,1790583480128235000,1016155583,0,275918,275918,0,0,106
S,646305339149208,1790583481139665000,1011426917,53,53
U,646305339149208,1790583481139665000,1011426917,0,275918,275918,0,0,106
S,646306348967749,1790583482149487000,1009818541,55,55
U,646306348967749,1790583482149487000,1009818541,0,286330,286330,0,0,110
S,646307349799916,1790583483150323000,1000832167,60,60
U,646307349799916,1790583483150323000,1000832167,0,312360,312360,0,0,120
S,646308365534041,1790583484166060000,1015734125,61,61
U,646308365534041,1790583484166060000,1015734125,0,317566,317566,0,0,122
S,646309365653958,1790583485166184000,1000119917,60,60
U,646309365653958,1790583485166184000,1000119917,0,312360,312360,0,0,120
S,646310374170583,1790583486174704000,1008516625,60,60
U,646310374170583,1790583486174704000,1008516625,0,312360,312360,0,0,120
S,646311389082458,1790583487189619000,1014911875,58,58
U,646311389082458,1790583487189619000,1014911875,0,301948,301948,0,0,116
S,646312391299624,1790583488191840000,1002217166,54,54
U,646312391299624,1790583488191840000,1002217166,0,281249,281249,0,0,108
S,646313399449458,1790583489199993000,1008149834,58,58
U,646313399449458,1790583489199993000,1008149834,0,302238,302238,0,0,116
S,646314411370999,1790583490211918000,1011921541,60,60
U,646314411370999,1790583490211918000,1011921541,0,312660,312660,0,0,120
S,646315424101958,1790583491224652000,1012730959,59,59
U,646315424101958,1790583491224652000,1012730959,0,307449,307449,0,0,118
S,646316424122374,1790583492224676000,1000020416,60,60
U,646316424122374,1790583492224676000,1000020416,0,312660,312660,0,0,120
S,646317425534208,1790583493226091000,1001411834,57,57
U,646317425534208,1790583493226091000,1001411834,0,297232,297232,0,0,114
S,646318444869249,1790583494245430000,1019335041,53,53
U,646318444869249,1790583494245430000,1019335041,0,276448,276448,0,0,106
S,646319458895833,1790583495259460000,1014026584,53,53
U,646319458895833,1790583495259460000,1014026584,0,276448,276448,0,0,106
S,646320463882708,1790583496264450000,1004986875,52,52
U,646320463882708,1790583496264450000,1004986875,0,271283,271283,0,0,104
S,646321477081458,1790583497277652000,1013198750,54,54
U,646321477081458,1790583497277652000,1013198750,0,281718,281718,0,0,108
S,646322480588791,1790583498281163000,1003507333,52,52
U,646322480588791,1790583498281163000,1003507333,0,271284,271284,0,0,104
S,646323496353291,1790583499296931000,1015764500,52,52
U,646323496353291,1790583499296931000,1015764500,0,271284,271284,0,0,104
S,646324503499499,1790583500304081000,1007146208,52,52
U,646324503499499,1790583500304081000,1007146208,0,271284,271284,0,0,104
S,646325504866124,1790583501305451000,1001366625,52,52
U,646325504866124,1790583501305451000,1001366625,0,271284,271284,0,0,104
S,646326507279916,1790583502307868000,1002413792,52,52
U,646326507279916,1790583502307868000,1002413792,0,271284,271284,0,0,104
S,646327522619124,1790583503323211000,1015339208,54,54
U,646327522619124,1790583503323211000,1015339208,0,281718,281718,0,0,108
S,646328526218916,1790583504326813000,1003599792,52,52
U,646328526218916,1790583504326813000,1003599792,0,271284,271284,0,0,104
S,646329529463708,1790583505330062000,1003244792,52,52
U,646329529463708,1790583505330062000,1003244792,0,271284,271284,0,0,104
S,646330536850624,1790583506337452000,1007386916,53,53
U,646330536850624,1790583506337452000,1007386916,0,276501,276501,0,0,106
S,646331552677708,1790583507353283000,1015827084,53,53
U,646331552677708,1790583507353283000,1015827084,0,276501,276501,0,0,106
S,646332561168374,1790583508361777000,1008490666,53,53
U,646332561168374,1790583508361777000,1008490666,0,276501,276501,0,0,106
S,646333567479624,1790583509368091000,1006311250,52,52
U,646333567479624,1790583509368091000,1006311250,0,271279,271279,0,0,104
S,646334569743833,1790583510370359000,1002264209,52,52
U,646334569743833,1790583510370359000,1002264209,0,271243,271243,0,0,104
S,646335575080291,1790583511375700000,1005336458,52,52
U,646335575080291,1790583511375700000,1005336458,0,271284,271284,0,0,104
S,646336588787666,1790583512389410000,1013707375,52,52
U,646336588787666,1790583512389410000,1013707375,0,271284,271284,0,0,104
S,646337601206999,1790583513401833000,1012419333,52,52
U,646337601206999,1790583513401833000,1012419333,0,271283,271283,0,0,104
S,646338607698458,1790583514408328000,1006491459,52,52
U,646338607698458,1790583514408328000,1006491459,0,271284,271284,0,0,104
S,646339608546166,1790583515409179000,1000847708,51,51
U,646339608546166,1790583515409179000,1000847708,0,266057,266057,0,0,102
S,646340610655666,1790583516411291000,1002109500,52,52
U,646340610655666,1790583516411291000,1002109500,0,271232,271232,0,0,104
S,646341619510458,1790583517420150000,1008854792,53,53
U,646341619510458,1790583517420150000,1008854792,0,276449,276449,0,0,106
S,646342636725874,1790583518437369000,1017215416,53,53
U,646342636725874,1790583518437369000,1017215416,0,276491,276491,0,0,106
S,646343651238583,1790583519451885000,1014512709,53,53
U,646343651238583,1790583519451885000,1014512709,0,276448,276448,0,0,106
S,646344663885333,1790583520464535000,1012646750,54,54
U,646344663885333,1790583520464535000,1012646750,0,281664,281664,0,0,108
S,646345682770749,1790583521483424000,1018885416,53,53
U,646345682770749,1790583521483424000,1018885416,0,276448,276448,0,0,106
S,646346693363833,1790583522494020000,1010593084,53,53
U,646346693363833,1790583522494020000,1010593084,0,276448,276448,0,0,106
S,646347696334541,1790583523496994000,1002970708,52,52
U,646347696334541,1790583523496994000,1002970708,0,271232,271232,0,0,104
S,646348700218208,1790583524500881000,1003883667,53,53
U,646348700218208,1790583524500881000,1003883667,0,276460,276460,0,0,106
S,646349716097333,1790583525516764000,1015879125,53,53
U,646349716097333,1790583525516764000,1015879125,0,276501,276501,0,0,106
S,646350716461208,1790583526517132000,1000363875,53,53
U,646350716461208,1790583526517132000,1000363875,0,276501,276501,0,0,106
S,646351734858041,1790583527535532000,1018396833,53,53
U,646351734858041,1790583527535532000,1018396833,0,276491,276491,0,0,106
S,646352745303083,1790583528545980000,1010445042,52,52
U,646352745303083,1790583528545980000,1010445042,0,271232,271232,0,0,104
S,646353750074541,1790583529550755000,1004771458,52,52
U,646353750074541,1790583529550755000,1004771458,0,271232,271232,0,0,104
S,646354752437499,1790583530553121000,1002362958,52,52
U,646354752437499,1790583530553121000,1002362958,0,271057,271057,0,0,104
S,646355759946624,1790583531560634000,1007509125,52,52
U,646355759946624,1790583531560634000,1007509125,0,271012,271012,0,0,104
S,646356761360916,1790583532562051000,1001414292,52,52
U,646356761360916,1790583532562051000,1001414292,0,270972,270972,0,0,104
S,646357765970583,1790583533566664000,1004609667,52,52
U,646357765970583,1790583533566664000,1004609667,0,270972,270972,0,0,104
S,646358773380874,1790583534574078000,1007410291,53,53
U,646358773380874,1790583534574078000,1007410291,0,276183,276183,0,0,106
S,646359774022833,1790583535574723000,1000641959,52,52
U,646359774022833,1790583535574723000,1000641959,0,270972,270972,0,0,104
S,646360790979208,1790583536591683000,1016956375,54,54
U,646360790979208,1790583536591683000,1016956375,0,281424,281424,0,0,108
S,646361793454749,1790583537594162000,1002475541,52,52
U,646361793454749,1790583537594162000,1002475541,0,271024,271024,0,0,104
S,646362812323041,1790583538613034000,1018868292,54,54
U,646362812323041,1790583538613034000,1018868292,0,281448,281448,0,0,108
S,646363828919916,1790583539629635000,1016596875,53,53
U,646363828919916,1790583539629635000,1016596875,0,276236,276236,0,0,106
S,646364842527249,1790583540643245000,1013607333,53,53
U,646364842527249,1790583540643245000,1013607333,0,276236,276236,0,0,106
S,646365847278458,1790583541648000000,1004751209,53,53
U,646365847278458,1790583541648000000,1004751209,0,276236,276236,0,0,106
S,646366860732541,1790583542661457000,1013454083,53,53
U,646366860732541,1790583542661457000,1013454083,0,276236,276236,0,0,106
S,646367866749749,1790583543667478000,1006017208,52,52
U,646367866749749,1790583543667478000,1006017208,0,271024,271024,0,0,104
S,646368869939124,1790583544670671000,1003189375,52,52
U,646368869939124,1790583544670671000,1003189375,0,271024,271024,0,0,104
S,646369884035291,1790583545684771000,1014096167,53,53
U,646369884035291,1790583545684771000,1014096167,0,276236,276236,0,0,106
S,646370893402333,1790583546694141000,1009367042,52,52
U,646370893402333,1790583546694141000,1009367042,0,271024,271024,0,0,104
S,646371897145041,1790583547697887000,1003742708,52,52
U,646371897145041,1790583547697887000,1003742708,0,271024,271024,0,0,104
S,646372898501374,1790583548699247000,1001356333,52,52
U,646372898501374,1790583548699247000,1001356333,0,271024,271024,0,0,104
S,646373900197874,1790583549700947000,1001696500,52,52
U,646373900197874,1790583549700947000,1001696500,0,270989,270989,0,0,104
S,646374904383833,1790583550705136000,1004185959,52,52
U,646374904383833,1790583550705136000,1004185959,0,270984,270984,0,0,104
S,646375912970166,1790583551713726000,1008586333,52,52
U,646375912970166,1790583551713726000,1008586333,0,271015,271015,0,0,104
S,646376918166666,1790583552718925000,1005196500,52,52
U,646376918166666,1790583552718925000,1005196500,0,270972,270972,0,0,104
S,646377926985999,1790583553727749000,1008819333,53,53
U,646377926985999,1790583553727749000,1008819333,0,276183,276183,0,0,106
S,646378932646166,1790583554733412000,1005660167,53,53
U,646378932646166,1790583554733412000,1005660167,0,276183,276183,0,0,106
S,646379936505333,1790583555737275000,1003859167,52,52
U,646379936505333,1790583555737275000,1003859167,0,271187,271187,0,0,104
S,646380947827041,1790583556748600000,1011321708,53,53
U,646380947827041,1790583556748600000,1011321708,0,276448,276448,0,0,106
S,646381950426624,1790583557751202000,1002599583,52,52
U,646381950426624,1790583557751202000,1002599583,0,271232,271232,0,0,104
S,646382953541833,1790583558754321000,1003115209,52,52
U,646382953541833,1790583558754321000,1003115209,0,271232,271232,0,0,104
S,646383956956833,1790583559757740000,1003415000,53,53
U,646383956956833,1790583559757740000,1003415000,0,276448,276448,0,0,106
S,646384960237249,1790583560761024000,1003280416,52,52
U,646384960237249,1790583560761024000,1003280416,0,271232,271232,0,0,104
S,646385972694666,1790583561773484000,1012457417,53,53
U,646385972694666,1790583561773484000,1012457417,0,276448,276448,0,0,106
S,646386988539416,1790583562789333000,1015844750,53,53
U,646386988539416,1790583562789333000,1015844750,0,276448,276448,0,0,106
S,646387998745708,1790583563799542000,1010206292,58,58
U,646387998745708,1790583563799542000,1010206292,0,302528,302528,0,0,116
S,646389016376666,1790583564817177000,1017630958,54,54
U,646389016376666,1790583564817177000,1017630958,0,281664,281664,0,0,108
S,646390025492416,1790583565826296000,1009115750,52,52
U,646390025492416,1790583565826296000,1009115750,0,271232,271232,0,0,104
S,646391026042666,1790583566826849000,1000550250,58,58
U,646391026042666,1790583566826849000,1000550250,0,302528,302528,0,0,116
S,646392026338749,1790583567827149000,1000296083,52,52
U,646392026338749,1790583567827149000,1000296083,0,271232,271232,0,0,104
S,646393045195999,1790583568846010000,1018857250,53,53
U,646393045195999,1790583568846010000,1018857250,0,276448,276448,0,0,106
S,646394059030999,1790583569859848000,1013835000,53,53
U,646394059030999,1790583569859848000,1013835000,0,276448,276448,0,0,106
S,646395065617749,1790583570866438000,1006586750,52,52
U,646395065617749,1790583570866438000,1006586750,0,271232,271232,0,0,104
S,646396079244791,1790583571880069000,1013627042,59,59
U,646396079244791,1790583571880069000,1013627042,0,307744,307744,0,0,118
S,646397094664124,1790583572895491000,1015419333,60,60
U,646397094664124,1790583572895491000,1015419333,0,312960,312960,0,0,120
S,646398095044499,1790583573895875000,1000380375,60,60
U,646398095044499,1790583573895875000,1000380375,0,312960,312960,0,0,120
S,646399103739041,1790583574904574000,1008694542,60,60
U,646399103739041,1790583574904574000,1008694542,0,312960,312960,0,0,120
S,646400114815499,1790583575915653000,1011076458,59,59
U,646400114815499,1790583575915653000,1011076458,0,307744,307744,0,0,118
S,646401116512291,1790583576917353000,1001696792,52,52
U,646401116512291,1790583576917353000,1001696792,0,271232,271232,0,0,104
S,646402124941874,1790583577925787000,1008429583,57,57
U,646402124941874,1790583577925787000,1008429583,0,297312,297312,0,0,114
S,646403136713708,1790583578937562000,1011771834,60,60
U,646403136713708,1790583578937562000,1011771834,0,312968,312968,0,0,120
S,646404145177749,1790583579946029000,1008464041,60,60
U,646404145177749,1790583579946029000,1008464041,0,313015,313015,0,0,120
S,646405145561749,1790583580946417000,1000384000,60,60
U,646405145561749,1790583580946417000,1000384000,0,312960,312960,0,0,120
S,646406152008249,1790583581952866000,1006446500,60,60
U,646406152008249,1790583581952866000,1006446500,0,312998,312998,0,0,120
S,646407163837791,1790583582964699000,1011829542,52,52
U,646407163837791,1790583582964699000,1011829542,0,271284,271284,0,0,104
S,646408183431124,1790583583984296000,1019593333,53,53
U,646408183431124,1790583583984296000,1019593333,0,276501,276501,0,0,106
S,646409190048208,1790583584990916000,1006617084,52,52
U,646409190048208,1790583584990916000,1006617084,0,271144,271144,0,0,104
S,646410192366583,1790583585993238000,1002318375,52,52
U,646410192366583,1790583585993238000,1002318375,0,271024,271024,0,0,104
S,646411196922833,1790583586997798000,1004556250,52,52
U,646411196922833,1790583586997798000,1004556250,0,271024,271024,0,0,104
S,646412204548458,1790583588005428000,1007625625,53,53
U,646412204548458,1790583588005428000,1007625625,0,276236,276236,0,0,106
S,646413210231499,1790583589011114000,1005683041,52,52
U,646413210231499,1790583589011114000,1005683041,0,271024,271024,0,0,104
S,646414218113958,1790583590019000000,1007882459,53,53
U,646414218113958,1790583590019000000,1007882459,0,276236,276236,0,0,106
S,646415218656583,1790583591019546000,1000542625,52,52
U,646415218656583,1790583591019546000,1000542625,0,271024,271024,0,0,104
S,646416222524708,1790583592023417000,1003868125,52,52
U,646416222524708,1790583592023417000,1003868125,0,271024,271024,0,0,104
S,646417224934124,1790583593025829000,1002409416,52,52
U,646417224934124,1790583593025829000,1002409416,0,271024,271024,0,0,104
S,646419222304208,1790583595023207000,1011487917,56,56
U,646419222304208,1790583595023207000,1011487917,1,287745,90398,197347,0,112
S,646420223383208,1790583596024289000,1001079000,51,51
U,646420223383208,1790583596024289000,1001079000,1,265761,83742,182019,0,102
S,646421228307291,1790583597029217000,1004924083,56,56
U,646421228307291,1790583597029217000,1004924083,1,291816,91952,199864,0,112
S,646422240781374,1790583598041694000,1012474083,55,55
U,646422240781374,1790583598041694000,1012474083,1,286605,90310,196295,0,110
S,646423248845749,1790583599049762000,1008064375,52,52
U,646423248845749,1790583599049762000,1008064375,1,270976,85324,185652,0,104
S,646424260962083,1790583600061882000,1012116334,52,52
U,646424260962083,1790583600061882000,1012116334,1,271007,84859,186148,0,104
S,646425270427666,1790583601071350000,1009465583,52,52
U,646425270427666,1790583601071350000,1009465583,1,270972,85384,185588,0,104
S,646426280662541,1790583602081589000,1010234875,52,52
U,646426280662541,1790583602081589000,1010234875,1,270972,85384,185588,0,104
S,646427286028208,1790583603086958000,1005365667,52,52
U,646427286028208,1790583603086958000,1005365667,1,270975,85339,185636,0,104
S,646428294266749,1790583604095200000,1008238541,52,52
U,646428294266749,1790583604095200000,1008238541,1,271024,84604,186420,0,104
S,646429306018749,1790583605106955000,1011752000,52,52
U,646429306018749,1790583605106955000,1011752000,1,271024,84604,186420,0,104
S,646430307396999,1790583606108337000,1001378250,52,52
U,646430307396999,1790583606108337000,1001378250,1,271023,84619,186404,0,104
S,646431311819249,1790583607112763000,1004422250,55,55
U,646431311819249,1790583607112763000,1004422250,1,286605,90310,196295,0,110
S,646432327843499,1790583608128791000,1016024250,60,60
U,646432327843499,1790583608128791000,1016024250,1,312660,98520,214140,0,120
S,646433336106666,1790583609137057000,1008263167,57,57
U,646433336106666,1790583609137057000,1008263167,1,297027,93594,203433,0,114
S,646434336275874,1790583610137230000,1000169208,58,58
U,646434336275874,1790583610137230000,1000169208,1,302238,95236,207002,0,116
S,646435344838583,1790583611145796000,1008562709,60,60
U,646435344838583,1790583611145796000,1008562709,1,312660,98520,214140,0,120
S,646436361724166,1790583612162685000,1016885583,61,61
U,646436361724166,1790583612162685000,1016885583,1,317871,100162,217709,0,122
S,646437362019374,1790583613162983000,1000295208,60,60
U,646437362019374,1790583613162983000,1000295208,1,312711,97755,214956,0,120
S,646438378992958,1790583614179960000,1016973584,59,59
U,646438378992958,1790583614179960000,1016973584,1,307449,96878,210571,0,118
S,646439386806749,1790583615187778000,1007813791,59,59
U,646439386806749,1790583615187778000,1007813791,1,307449,96878,210571,0,118
S,646440395460624,1790583616196435000,1008653875,59,59
U,646440395460624,1790583616196435000,1008653875,1,307506,96023,211483,0,118
S,646441412486708,1790583617213464000,1017026084,61,61
U,646441412486708,1790583617213464000,1017026084,1,317932,99247,218685,0,122
S,646442420147541,1790583618221129000,1007660833,56,56
U,646442420147541,1790583618221129000,1007660833,1,291871,91127,200744,0,112
S,646443429848333,1790583619230833000,1009700792,59,59
U,646443429848333,1790583619230833000,1009700792,1,307508,95993,211515,0,118
S,646444436657083,1790583620237645000,1006808750,58,58
U,646444436657083,1790583620237645000,1006808750,1,302296,94366,207930,0,116
S,646445445713249,1790583621246704000,1009056166,59,59
U,646445445713249,1790583621246704000,1009056166,1,307456,96773,210683,0,118
S,646446461914708,1790583622262910000,1016201459,56,56
U,646446461914708,1790583622262910000,1016201459,1,291872,91112,200760,0,112
S,646447478216749,1790583623279215000,1016302041,61,61
U,646447478216749,1790583623279215000,1016302041,1,317932,99247,218685,0,122
S,646448494254708,1790583624295257000,1016037959,60,60
U,646448494254708,1790583624295257000,1016037959,1,312720,97620,215100,0,120
S,646449762257999,1790583625563264000,1017666000,56,56
U,646449762257999,1790583625563264000,1017666000,0,289643,289643,0,0,112
S,646450775189916,1790583626576199000,1012931917,52,52
U,646450775189916,1790583626576199000,1012931917,0,271024,271024,0,0,104
S,646451786271333,1790583627587285000,1011081417,56,56
U,646451786271333,1790583627587285000,1011081417,0,291872,291872,0,0,112
S,646452790635583,1790583628591652000,1004364250,54,54
U,646452790635583,1790583628591652000,1004364250,0,281448,281448,0,0,108
S,646453798490583,1790583629599510000,1007855000,54,54
U,646453798490583,1790583629599510000,1007855000,0,281448,281448,0,0,108
S,646454815094916,1790583630616118000,1016604333,53,53
U,646454815094916,1790583630616118000,1016604333,0,276236,276236,0,0,106
S,646455831553624,1790583631632581000,1016458708,53,53
U,646455831553624,1790583631632581000,1016458708,0,276236,276236,0,0,106
S,646456850209249,1790583632651239000,1018655625,54,54
U,646456850209249,1790583632651239000,1018655625,0,281448,281448,0,0,108
S,646457860663624,1790583633661697000,1010454375,53,53
U,646457860663624,1790583633661697000,1010454375,0,276236,276236,0,0,106
S,646458865022958,1790583634666059000,1004359334,52,52
U,646458865022958,1790583634666059000,1004359334,0,271024,271024,0,0,104
S,646459870824916,1790583635671865000,1005801958,52,52
U,646459870824916,1790583635671865000,1005801958,0,271002,271002,0,0,104
S,646460880636541,1790583636681680000,1009811625,52,52
U,646460880636541,1790583636681680000,1009811625,0,270972,270972,0,0,104
S,646461893507458,1790583637694554000,1012870917,54,54
U,646461893507458,1790583637694554000,1012870917,0,281394,281394,0,0,108
S,646462900823416,1790583638701874000,1007315958,52,52
U,646462900823416,1790583638701874000,1007315958,0,271182,271182,0,0,104
S,646463902983708,1790583639704038000,1002160292,52,52
U,646463902983708,1790583639704038000,1002160292,0,271284,271284,0,0,104
S,646464912590208,1790583640713648000,1009606500,52,52
U,646464912590208,1790583640713648000,1009606500,0,271284,271284,0,0,104
S,646465914276333,1790583641715337000,1001686125,52,52
U,646465914276333,1790583641715337000,1001686125,0,271284,271284,0,0,104
S,646466918727583,1790583642719792000,1004451250,52,52
U,646466918727583,1790583642719792000,1004451250,0,271284,271284,0,0,104
S,646467933114374,1790583643734182000,1014386791,53,53
U,646467933114374,1790583643734182000,1014386791,0,276501,276501,0,0,106
S,646468938581541,1790583644739652000,1005467167,52,52
U,646468938581541,1790583644739652000,1005467167,0,271284,271284,0,0,104
S,646469946036999,1790583645747111000,1007455458,52,52
U,646469946036999,1790583645747111000,1007455458,0,271284,271284,0,0,104
S,646470953644708,1790583646754722000,1007607709,52,52
U,646470953644708,1790583646754722000,1007607709,0,271284,271284,0,0,104
S,646471968740249,1790583647769821000,1015095541,53,53
U,646471968740249,1790583647769821000,1015095541,0,276501,276501,0,0,106
S,646472980771583,1790583648781856000,1012031334,53,53
U,646472980771583,1790583648781856000,1012031334,0,276501,276501,0,0,106
S,646473982137416,1790583649783226000,1001365833,52,52
U,646473982137416,1790583649783226000,1001365833,0,271284,271284,0,0,104
S,646474985284624,1790583650786377000,1003147208,52,52
U,646474985284624,1790583650786377000,1003147208,0,271284,271284,0,0,104
S,646475991455624,1790583651792550000,1006171000,52,52
U,646475991455624,1790583651792550000,1006171000,0,271284,271284,0,0,104
S,646477000828083,1790583652801927000,1009372459,52,52
U,646477000828083,1790583652801927000,1009372459,0,271284,271284,0,0,104
S,646478006973374,1790583653808075000,1006145291,52,52
U,646478006973374,1790583653808075000,1006145291,0,271284,271284,0,0,104
S,646479019003999,1790583654820109000,1012030625,54,54
U,646479019003999,1790583654820109000,1012030625,0,281718,281718,0,0,108
S,646480286679333,1790583656087789000,1017512500,56,56
U,646480286679333,1790583656087789000,1017512500,1,286962,90425,196537,0,112
S,646481292795416,1790583657093909000,1006116083,52,52
U,646481292795416,1790583657093909000,1006116083,1,271284,85488,185796,0,104
S,646482303077999,1790583658104194000,1010282583,56,56
U,646482303077999,1790583658104194000,1010282583,1,292152,92064,200088,0,112
S,646483310225833,1790583659111346000,1007147834,54,54
U,646483310225833,1790583659111346000,1007147834,1,281322,88668,192654,0,108
S,646484319790041,1790583660120914000,1009564208,52,52
U,646484319790041,1790583660120914000,1009564208,1,270712,85332,185380,0,104
S,646485337769083,1790583661138896000,1017979042,53,53
U,646485337769083,1790583661138896000,1017979042,1,275918,86973,188945,0,106
S,646486348232458,1790583662149363000,1010463375,52,52
U,646486348232458,1790583662149363000,1010463375,1,270712,85332,185380,0,104
S,646487355817249,1790583663156951000,1007584791,52,52
U,646487355817249,1790583663156951000,1007584791,1,270712,85332,185380,0,104
S,646488357287916,1790583664158425000,1001470667,52,52
U,646488357287916,1790583664158425000,1001470667,1,270712,85332,185380,0,104
S,646489359143249,1790583665160284000,1001855333,51,51
U,646489359143249,1790583665160284000,1001855333,1,265506,83691,181815,0,102
S,646490367491083,1790583666168635000,1008347834,52,52
U,646490367491083,1790583666168635000,1008347834,1,270712,85332,185380,0,104
S,646491376401999,1790583667177550000,1008910916,52,52
U,646491376401999,1790583667177550000,1008910916,1,270712,85332,185380,0,104
S,646492384643374,1790583668185794000,1008241375,52,52
U,646492384643374,1790583668185794000,1008241375,1,270712,85332,185380,0,104
S,646493386364124,1790583669187518000,1001720750,54,54
U,646493386364124,1790583669187518000,1001720750,1,281124,88614,192510,0,108
S,646494402537708,1790583670203695000,1016173584,61,61
U,646494402537708,1790583670203695000,1016173584,1,317566,100101,217465,0,122
S,646495402873166,1790583671204034000,1000335458,59,59
U,646495402873166,1790583671204034000,1000335458,1,307154,96819,210335,0,118
S,646496420629624,1790583672221794000,1017756458,60,60
U,646496420629624,1790583672221794000,1017756458,1,312360,98460,213900,0,120
S,646497428060124,1790583673229228000,1007430500,56,56
U,646497428060124,1790583673229228000,1007430500,1,291536,91896,199640,0,112
S,646498444805499,1790583674245977000,1016745375,61,61
U,646498444805499,1790583674245977000,1016745375,1,317566,100101,217465,0,122
S,646499452858374,1790583675254033000,1008052875,59,59
U,646499452858374,1790583675254033000,1008052875,1,307154,96819,210335,0,118
S,646500457246999,1790583676258425000,1004388625,53,53
U,646500457246999,1790583676258425000,1004388625,1,275918,86973,188945,0,106
S,646501471492874,1790583677272674000,1014245875,52,52
U,646501471492874,1790583677272674000,1014245875,1,270712,85332,185380,0,104
S,646502490044374,1790583678291229000,1018551500,53,53
U,646502490044374,1790583678291229000,1018551500,1,275918,86973,188945,0,106
S,646503503915291,1790583679305104000,1013870917,53,53
U,646503503915291,1790583679305104000,1013870917,1,276078,87261,188817,0,106
S,646504514881208,1790583680316073000,1010965917,52,52
U,646504514881208,1790583680316073000,1010965917,1,271352,86484,184868,0,104
S,646505517602624,1790583681318798000,1002721416,52,52
U,646505517602624,1790583681318798000,1002721416,1,271492,86736,184756,0,104
S,646506525085499,1790583682326284000,1007482875,52,52
U,646506525085499,1790583682326284000,1007482875,1,271492,86736,184756,0,104
S,646507536430583,1790583683337633000,1011345084,52,52
U,646507536430583,1790583683337633000,1011345084,1,271492,86736,184756,0,104
S,646508551575666,1790583684352781000,1015145083,52,52
U,646508551575666,1790583684352781000,1015145083,1,271492,86736,184756,0,104
S,646509552573416,1790583685353782000,1000997750,53,53
U,646509552573416,1790583685353782000,1000997750,1,276713,88404,188309,0,106
S,646510817811124,1790583686619024000,1015100625,56,56
U,646510817811124,1790583686619024000,1015100625,0,291670,291670,0,0,112
S,646511819766833,1790583687620983000,1001955709,56,56
U,646511819766833,1790583687620983000,1001955709,0,292376,292376,0,0,112
S,646512827673541,1790583688628894000,1007906708,60,60
U,646512827673541,1790583688628894000,1007906708,0,313260,313260,0,0,120
S,646513827842208,1790583689629065000,1000168667,59,59
U,646513827842208,1790583689629065000,1000168667,0,308039,308039,0,0,118
S,646514835156583,1790583690636383000,1007314375,59,59
U,646514835156583,1790583690636383000,1007314375,0,308039,308039,0,0,118
S,646515836391583,1790583691637622000,1001235000,53,53
U,646515836391583,1790583691637622000,1001235000,0,276713,276713,0,0,106
S,646516844766166,1790583692646000000,1008374583,60,60
U,646516844766166,1790583692646000000,1008374583,0,313260,313260,0,0,120
S,646517862100083,1790583693663337000,1017333917,60,60
U,646517862100083,1790583693663337000,1017333917,0,313260,313260,0,0,120
S,646518862138874,1790583694663379000,1000038791,52,52
U,646518862138874,1790583694663379000,1000038791,0,271462,271462,0,0,104
S,646519872745999,1790583695673990000,1010607125,52,52
U,646519872745999,1790583695673990000,1010607125,0,271232,271232,0,0,104
S,646520887127708,1790583696688375000,1014381709,53,53
U,646520887127708,1790583696688375000,1014381709,0,276448,276448,0,0,106
S,646521899238874,1790583697700490000,1012111166,52,52
U,646521899238874,1790583697700490000,1012111166,0,271232,271232,0,0,104
S,646522907209916,1790583698708464000,1007971042,52,52
U,646522907209916,1790583698708464000,1007971042,0,271232,271232,0,0,104
S,646523908037458,1790583699709295000,1000827542,52,52
U,646523908037458,1790583699709295000,1000827542,0,271232,271232,0,0,104
S,646524926016874,1790583700727278000,1017979416,53,53
U,646524926016874,1790583700727278000,1017979416,0,276448,276448,0,0,106
S,646525936528374,1790583701737793000,1010511500,53,53
U,646525936528374,1790583701737793000,1010511500,0,276448,276448,0,0,106
S,646526943466833,1790583702744735000,1006938459,52,52
U,646526943466833,1790583702744735000,1006938459,0,271232,271232,0,0,104
S,646527955327666,1790583703756599000,1011860833,56,56
U,646527955327666,1790583703756599000,1011860833,0,292186,292186,0,0,112
S,646528956675374,1790583704757950000,1001347708,55,55
U,646528956675374,1790583704757950000,1001347708,0,287155,287155,0,0,110
S,646529957371583,1790583705758650000,1000696209,59,59
U,646529957371583,1790583705758650000,1000696209,0,308039,308039,0,0,118
S,646530970968791,1790583706772251000,1013597208,55,55
U,646530970968791,1790583706772251000,1013597208,0,287010,287010,0,0,110
S,646531981858541,1790583707783144000,1010889750,58,58
U,646531981858541,1790583707783144000,1010889750,0,302528,302528,0,0,116
S,646532999467083,1790583708800756000,1017608542,61,61
U,646532999467083,1790583708800756000,1017608542,0,318176,318176,0,0,122
S,646534003592999,1790583709804885000,1004125916,59,59
U,646534003592999,1790583709804885000,1004125916,0,307354,307354,0,0,118
S,646535009857958,1790583710811153000,1006264959,52,52
U,646535009857958,1790583710811153000,1006264959,0,270712,270712,0,0,104
S,646536010479999,1790583711811779000,1000622041,52,52
U,646536010479999,1790583711811779000,1000622041,0,270712,270712,0,0,104
S,646537015607499,1790583712816910000,1005127500,52,52
U,646537015607499,1790583712816910000,1005127500,0,270712,270712,0,0,104
S,646538023623291,1790583713824929000,1008015792,52,52
U,646538023623291,1790583713824929000,1008015792,0,270712,270712,0,0,104
S,646539036622874,1790583714837932000,1012999583,53,53
U,646539036622874,1790583714837932000,1012999583,0,275918,275918,0,0,106
S,646540048102833,1790583715849415000,1011479959,53,53
U,646540048102833,1790583715849415000,1011479959,0,275918,275918,0,0,106
S,646541061944708,1790583716863261000,1013841875,58,58
U,646541061944708,1790583716863261000,1013841875,0,301948,301948,0,0,116
S,646542074737208,1790583717876057000,1012792500,53,53
U,646542074737208,1790583717876057000,1012792500,0,275918,275918,0,0,106
