S,657525386280124,1790594701208193000,3074323958,2,0
S,657526411635124,1790594702233547000,1025355000,1,0
S,657527672332124,1790594703494245000,1260697000,3,0
S,657529868864458,1790594705690779000,2196532334,2,0
S,657532152759833,1790594707974676000,2283895375,2,0
S,657533968721749,1790594709790640000,1815961916,2,0
S,657534984390708,1790594710806309000,1015668959,56,0
S,657536633454416,1790594712455374000,1649063708,4,0
S,657538509638208,1790594714331559000,1876183792,1,0
S,657540194087333,1790594716016011000,1684449125,1,1
S,657541210092624,1790594717032016000,1016005291,59,59
S,657542224666916,1790594718046591000,1014574292,48,48
S,657543229380416,1790594719051305000,1004713500,48,48
S,657544235608083,1790594720057534000,1006227667,48,48
S,657545253579541,1790594721075506000,1017971458,48,48
S,657546260816666,1790594722082744000,1007237125,48,48
S,657547269959791,1790594723091888000,1009143125,48,48
S,657548275779458,1790594724097708000,1005819667,48,48
S,657549281493333,1790594725103423000,1005713875,48,48
S,657550294957041,1790594726116888000,1013463708,47,47
S,657551301902249,1790594727123833000,1006945208,48,48
