S,579834147553916,1790517009764333000,0,2741657000,2,0,0,0,0,0,0,0,0
S,579835151926124,1790517010768708000,0,1004372208,3,0,0,0,0,0,0,0,0
S,579836304135416,1790517011920920000,0,1152209292,1,0,0,0,0,0,0,0,0
S,579838570777249,1790517014187566000,0,2266641833,2,0,0,0,0,0,0,0,0
S,579840794734499,1790517016411528000,0,2223957250,2,0,0,0,0,0,0,0,0
S,579842487832249,1790517018104629000,0,1693097750,2,0,0,0,0,0,0,0,0
S,579843701741416,1790517019318541000,0,1213909167,58,0,0,0,0,0,0,0,0
S,579845048572458,1790517020665375000,0,1346831042,2,0,0,0,0,0,0,0,0
S,579846052535958,1790517021669341000,0,1003963500,120,0,0,0,0,0,0,0,0
S,579847055471083,1790517022672278000,0,1002935125,119,0,0,0,0,0,0,0,0
S,579848066764374,1790517023683573000,0,1011293291,120,0,0,0,0,0,0,0,0
S,579849278193374,1790517024895005000,0,1211429000,101,0,0,0,0,0,0,0,0
S,579850281670541,1790517025898484000,0,1003477167,88,0,0,0,0,0,0,0,0
S,579851288797541,1790517026905613000,0,1007127000,120,0,0,0,0,0,0,0,0
S,579852296615499,1790517027913434000,0,1007817958,112,0,0,0,0,0,0,0,0
S,579853300076291,1790517028916896000,0,1003460792,120,0,0,0,0,0,0,0,0
S,579854306417583,1790517029923240000,0,1006341292,119,0,0,0,0,0,0,0,0
S,579855316688916,1790517030933513000,0,1010271333,119,0,0,0,0,0,0,0,0
S,579856318799416,1790517031935626000,0,1002110500,121,0,0,0,0,0,0,0,0
S,579857326235291,1790517032943064000,0,1007435875,94,0,0,0,0,0,0,0,0
S,579858327953208,1790517033944784000,0,1001717917,117,0,0,0,0,0,0,0,0
S,579859331875041,1790517034948708000,0,1003921833,120,0,0,0,0,0,0,0,0
S,579860335167666,1790517035952003000,0,1003292625,121,0,0,0,0,0,0,0,0
S,579861339746666,1790517036956584000,0,1004579000,120,0,0,0,0,0,0,0,0
S,579865793633166,1790517041410480000,0,4453886500,20,0,0,0,0,0,0,0,0
S,579866813582708,1790517042430432000,0,1019949542,64,0,0,0,0,0,0,0,0
S,579867827227249,1790517043444078000,0,1013644541,53,0,0,0,0,0,0,0,0
S,579868846087999,1790517044462941000,0,1018860750,53,0,0,0,0,0,0,0,0
S,579869862326458,1790517045479182000,0,1016238459,53,0,0,0,0,0,0,0,0
S,579870881751999,1790517046498610000,0,1019425541,54,0,0,0,0,0,0,0,0
S,579871883629708,1790517047500490000,0,1001877709,52,0,0,0,0,0,0,0,0
S,579872887096416,1790517048503959000,0,1003466708,52,0,0,0,0,0,0,0,0
S,579873892240208,1790517049509104000,0,1005143792,53,0,0,0,0,0,0,0,0
S,579874892754374,1790517050509621000,0,1000514166,52,0,0,0,0,0,0,0,0
S,579875905700624,1790517051522569000,0,1012946250,54,0,0,0,0,0,0,0,0
S,579877213596624,1790517052830468000,0,1307896000,42,0,0,0,0,0,0,0,0
S,579878215282916,1790517053832156000,0,1001686292,53,0,0,0,0,0,0,0,0
S,579879232531624,1790517054849407000,0,1017248708,53,0,0,0,0,0,0,0,0
S,579880249193083,1790517055866071000,0,1016661459,53,0,0,0,0,0,0,0,0
S,579881264337666,1790517056881218000,0,1015144583,53,0,0,0,0,0,0,0,0
S,579882270301374,1790517057887183000,0,1005963708,52,0,0,0,0,0,0,0,0
S,579883281640083,1790517058898524000,0,1011338709,40,0,0,0,0,0,0,0,0
S,579884285656374,1790517059902543000,0,1004016291,56,0,0,0,0,0,0,0,0
S,579885293053958,1790517060909942000,0,1007397584,57,0,0,0,0,0,0,0,0
S,579886300823458,1790517061917714000,0,1007769500,62,0,0,0,0,0,0,0,0
S,579887314663374,1790517062931556000,0,1013839916,65,0,0,0,0,0,0,0,0
S,579888319305124,1790517063936200000,0,1004641750,64,0,0,0,0,0,0,0,0
S,579889333548874,1790517064950446000,0,1014243750,64,0,0,0,0,0,0,0,0
S,579890334866291,1790517065951766000,0,1001317417,63,0,0,0,0,0,0,0,0
S,579891342685708,1790517066959587000,0,1007819417,50,0,0,0,0,0,0,0,0
S,579892358492833,1790517067975396000,0,1015807125,53,0,0,0,0,0,0,0,0
S,579893364541791,1790517068981448000,0,1006048958,53,0,0,0,0,0,0,0,0
S,579894367802749,1790517069984711000,0,1003260958,53,0,0,0,0,0,0,0,0
S,579895386327124,1790517071003237000,0,1018524375,53,0,0,0,0,0,0,0,0
S,579896395878083,1790517072012790000,0,1009550959,50,0,0,0,0,0,0,0,0
S,579897396613166,1790517073013527000,0,1000735083,51,0,0,0,0,0,0,0,0
S,579898401161541,1790517074018078000,0,1004548375,51,0,0,0,0,0,0,0,0
S,579899404835541,1790517075021754000,0,1003674000,51,0,0,0,0,0,0,0,0
S,579900413957791,1790517076030878000,0,1009122250,51,0,0,0,0,0,0,0,0
S,579901414293166,1790517077031216000,0,1000335375,50,0,0,0,0,0,0,0,0
S,579902429427666,1790517078046353000,0,1015134500,51,0,0,0,0,0,0,0,0
S,579903436713458,1790517079053641000,0,1007285792,51,0,0,0,0,0,0,0,0
S,579904448321499,1790517080065251000,0,1011608041,51,0,0,0,0,0,0,0,0
S,579905455301916,1790517081072233000,0,1006980417,51,0,0,0,0,0,0,0,0
S,579906469279541,1790517082086213000,0,1013977625,50,0,0,0,0,0,0,0,0
S,579907486559708,1790517083103495000,0,1017280167,49,0,0,0,0,0,0,0,0
S,579908491710791,1790517084108649000,0,1005151083,51,0,0,0,0,0,0,0,0
S,579909494029999,1790517085110970000,0,1002319208,51,0,0,0,0,0,0,0,0
S,579910503413374,1790517086120356000,0,1009383375,51,0,0,0,0,0,0,0,0
S,579911509722708,1790517087126667000,0,1006309334,51,0,0,0,0,0,0,0,0
S,579912516245374,1790517088133192000,0,1006522666,51,0,0,0,0,0,0,0,0
S,579913529095791,1790517089146044000,0,1012850417,51,0,0,0,0,0,0,0,0
S,579914539566333,1790517090156517000,0,1010470542,51,0,0,0,0,0,0,0,0
S,579915554391749,1790517091171345000,0,1014825416,51,0,0,0,0,0,0,0,0
S,579917479936416,1790517093096894000,1,1013214542,52,7418,5029,0,0,0,0,1,0
S,579918575919249,1790517094192879000,1,1095982833,49,0,0,0,0,0,0,1,0
S,579919577405333,1790517095194367000,1,1001486084,49,0,0,0,0,0,0,1,0
S,579920593619666,1790517096210583000,1,1016214333,53,0,0,0,0,0,0,1,0
S,579921605170624,1790517097222137000,1,1011550958,58,0,0,0,0,0,0,1,0
S,579922609380291,1790517098226348000,1,1004209667,62,0,0,0,0,0,0,1,0
S,579923622918208,1790517099239888000,1,1013537917,47,0,0,0,0,0,0,1,0
S,579924625729958,1790517100242702000,1,1002811750,52,0,0,0,0,0,0,1,0
S,579925638002374,1790517101254977000,1,1012272416,52,0,0,0,0,0,0,1,0
S,579926640303083,1790517102257280000,1,1002300709,52,0,0,0,0,0,0,1,0
S,579927657045499,1790517103274024000,1,1016742416,53,0,0,0,0,0,0,1,0
S,579928668884708,1790517104285866000,1,1011839209,50,0,0,0,0,0,0,1,0
S,579929680013791,1790517105296997000,1,1011129083,52,0,0,0,0,0,0,1,0
S,579930684851708,1790517106301837000,1,1004837917,54,0,0,0,0,0,0,1,0
S,579931685805416,1790517107302793000,1,1000953708,51,0,0,0,0,0,0,1,0
S,579932698012624,1790517108315002000,1,1012207208,51,0,0,0,0,0,0,1,0
S,579933713853166,1790517109330845000,1,1015840542,51,0,0,0,0,0,0,1,0
S,579934728530791,1790517110345525000,1,1014677625,51,0,0,0,0,0,0,1,0
S,579935737524416,1790517111354520000,1,1008993625,51,0,0,0,0,0,0,1,0
S,579937501506499,1790517113118506000,0,1007910041,52,0,0,0,0,0,0,1,0
S,579938503012208,1790517114120014000,0,1001505709,50,0,0,0,0,0,0,1,0
S,579939516074999,1790517115133079000,0,1013062791,49,0,0,0,0,0,0,1,0
S,579940524540541,1790517116141547000,0,1008465542,50,0,0,0,0,0,0,1,0
S,579941537297916,1790517117154306000,0,1012757375,51,0,0,0,0,0,0,1,0
S,579942553518166,1790517118170529000,0,1016220250,51,0,0,0,0,0,0,1,0
S,579943562136208,1790517119179149000,0,1008618042,51,0,0,0,0,0,0,1,0
S,579944574823749,1790517120191839000,0,1012687541,51,0,0,0,0,0,0,1,0
S,579945594003999,1790517121211021000,0,1019180250,51,0,0,0,0,0,0,1,0
S,579946603709458,1790517122220729000,0,1009705459,51,0,0,0,0,0,0,1,0
S,579947615270166,1790517123232292000,0,1011560708,51,0,0,0,0,0,0,1,0
S,579948625677291,1790517124242701000,0,1010407125,51,0,0,0,0,0,0,1,0
S,579949634301791,1790517125251328000,0,1008624500,51,0,0,0,0,0,0,1,0
S,579950642730041,1790517126259758000,0,1008428250,51,0,0,0,0,0,0,1,0
S,579951653201458,1790517127270232000,0,1010471417,51,0,0,0,0,0,0,1,0
S,579952662339333,1790517128279372000,0,1009137875,51,0,0,0,0,0,0,1,0
S,579953671914208,1790517129288949000,0,1009574875,51,0,0,0,0,0,0,1,0
S,579954679273791,1790517130296310000,0,1007359583,51,0,0,0,0,0,0,1,0
S,579955689117458,1790517131306156000,0,1009843667,51,0,0,0,0,0,0,1,0
S,579957542149416,1790517133159192000,2,1019088875,52,0,0,0,0,0,0,1,0
S,579958559565291,1790517134176610000,2,1017415875,51,0,0,0,0,0,0,1,0
S,579959569426624,1790517135186503000,2,1009861333,51,0,0,0,0,0,0,1,0
S,579960577131791,1790517136194321000,2,1007705167,51,0,0,0,0,0,0,1,0
S,579961591487208,1790517137208783000,2,1014355417,51,0,0,0,0,0,0,1,0
S,579962601772708,1790517138219168000,2,1010285500,51,0,0,0,0,0,0,1,0
S,579963611287458,1790517139228776000,2,1009514750,51,0,0,0,0,0,0,1,0
S,579964621430458,1790517140239007000,2,1010143000,51,0,0,0,0,0,0,1,0
S,579965631417374,1790517141249076000,2,1009986916,51,0,0,0,0,0,0,1,0
S,579966631782874,1790517142249518000,2,1000365500,50,0,0,0,0,0,0,1,0
S,579967648278083,1790517143266086000,2,1016495209,51,0,0,0,0,0,0,1,0
S,579968654919666,1790517144272796000,2,1006641583,51,0,0,0,0,0,0,1,0
S,579969666453458,1790517145284394000,2,1011533792,51,0,0,0,0,0,0,1,0
S,579970673900291,1790517146291901000,2,1007446833,51,0,0,0,0,0,0,1,0
S,579971688120541,1790517147306179000,2,1014220250,51,0,0,0,0,0,0,1,0
S,579972706019916,1790517148324132000,2,1017899375,51,0,0,0,0,0,0,1,0
S,579973718624499,1790517149336786000,2,1012604583,51,0,0,0,0,0,0,1,0
S,579974728506833,1790517150346716000,2,1009882334,51,0,0,0,0,0,0,1,0
S,579975737428833,1790517151355682000,2,1008922000,51,0,0,0,0,0,0,1,0
S,579977540944333,1790517153159271000,0,1008772000,52,0,0,0,0,0,0,1,0
S,579978546899499,1790517154165263000,0,1005955166,51,0,0,0,0,0,0,1,0
S,579979554102833,1790517155172502000,0,1007203334,51,0,0,0,0,0,0,1,0
S,579980561045124,1790517156179477000,0,1006942291,51,0,0,0,0,0,0,1,0
S,579981567469666,1790517157185933000,0,1006424542,51,0,0,0,0,0,0,1,0
S,579982570687124,1790517158189180000,0,1003217458,51,0,0,0,0,0,0,1,0
S,579983573768166,1790517159192288000,0,1003081042,51,0,0,0,0,0,0,1,0
S,579984578492166,1790517160197039000,0,1004724000,51,0,0,0,0,0,0,1,0
S,579985595589749,1790517161214161000,0,1017097583,52,0,0,0,0,0,0,1,0
S,579986599203083,1790517162217798000,0,1003613334,51,0,0,0,0,0,0,1,0
S,579987603179124,1790517163221796000,0,1003976041,51,0,0,0,0,0,0,1,0
S,579988609592541,1790517164228231000,0,1006413417,51,0,0,0,0,0,0,1,0
S,579989613723583,1790517165232381000,0,1004131042,51,0,0,0,0,0,0,1,0
S,579990628988624,1790517166247665000,0,1015265041,52,0,0,0,0,0,0,1,0
S,579991636962624,1790517167255657000,0,1007974000,51,0,0,0,0,0,0,1,0
S,579992639693583,1790517168258405000,0,1002730959,51,0,0,0,0,0,0,1,0
S,579993645927791,1790517169264655000,0,1006234208,51,0,0,0,0,0,0,1,0
S,579994663502291,1790517170282245000,0,1017574500,51,0,0,0,0,0,0,1,0
S,579995670851416,1790517171289608000,0,1007349125,51,0,0,0,0,0,0,1,0
S,579997569625291,1790517173188407000,3,1016434375,52,0,0,0,0,0,0,1,0
S,579998581111624,1790517174199906000,3,1011486333,51,0,0,0,0,0,0,1,0
S,579999595942999,1790517175214749000,3,1014831375,52,0,0,0,0,0,0,1,0
S,580000606699458,1790517176225517000,3,1010756459,51,0,0,0,0,0,0,1,0
S,580001617905916,1790517177236734000,3,1011206458,51,0,0,0,0,0,0,1,0
S,580002634006791,1790517178252845000,3,1016100875,51,0,0,0,0,0,0,1,0
S,580003640864124,1790517179259713000,3,1006857333,51,0,0,0,0,0,0,1,0
S,580004652489624,1790517180271347000,3,1011625500,51,0,0,0,0,0,0,1,0
S,580005666566124,1790517181285433000,3,1014076500,51,0,0,0,0,0,0,1,0
S,580006672946958,1790517182291822000,3,1006380834,51,0,0,0,0,0,0,1,0
S,580007679571166,1790517183298455000,3,1006624208,51,0,0,0,0,0,0,1,0
S,580008699984958,1790517184318876000,3,1020413792,52,0,0,0,0,0,0,1,0
S,580009712124999,1790517185331024000,3,1012140041,52,0,0,0,0,0,0,1,0
S,580010718199041,1790517186337105000,3,1006074042,51,0,0,0,0,0,0,1,0
S,580011729878249,1790517187348792000,3,1011679208,51,0,0,0,0,0,0,1,0
S,580012744697124,1790517188363617000,3,1014818875,51,0,0,0,0,0,0,1,0
S,580013755112416,1790517189374039000,3,1010415292,51,0,0,0,0,0,0,1,0
S,580014765197458,1790517190384130000,3,1010085042,51,0,0,0,0,0,0,1,0
S,580015768450624,1790517191387390000,3,1003253166,51,0,0,0,0,0,0,1,0
S,580017595188874,1790517193214139000,0,1014892750,52,0,0,0,0,0,0,1,0
S,580018609196374,1790517194228152000,0,1014007500,51,0,0,0,0,0,0,1,0
S,580019618981166,1790517195237942000,0,1009784792,51,0,0,0,0,0,0,1,0
S,580020635090374,1790517196254056000,0,1016109208,51,0,0,0,0,0,0,1,0
S,580021643336083,1790517197262307000,0,1008245709,51,0,0,0,0,0,0,1,0
S,580022652370166,1790517198271346000,0,1009034083,51,0,0,0,0,0,0,1,0
S,580023662151916,1790517199281133000,0,1009781750,51,0,0,0,0,0,0,1,0
S,580024668179291,1790517200287165000,0,1006027375,51,0,0,0,0,0,0,1,0
S,580025676270083,1790517201295260000,0,1008090792,51,0,0,0,0,0,0,1,0
S,580026686254499,1790517202305249000,0,1009984416,51,0,0,0,0,0,0,1,0
S,580027694288583,1790517203313288000,0,1008034084,51,0,0,0,0,0,0,1,0
S,580028703269791,1790517204322273000,0,1008981208,51,0,0,0,0,0,0,1,0
S,580029705207041,1790517205324215000,0,1001937250,51,0,0,0,0,0,0,1,0
S,580030711512416,1790517206330524000,0,1006305375,51,0,0,0,0,0,0,1,0
S,580031719423916,1790517207338440000,0,1007911500,51,0,0,0,0,0,0,1,0
S,580032738443958,1790517208357464000,0,1019020042,51,0,0,0,0,0,0,1,0
S,580033743993624,1790517209363017000,0,1005549666,51,0,0,0,0,0,0,1,0
S,580034758433958,1790517210377462000,0,1014440334,52,0,0,0,0,0,0,1,0
S,580035759480749,1790517211378512000,0,1001046791,51,0,0,0,0,0,0,1,0
S,580036764718208,1790517212383753000,0,1005237459,51,0,0,0,0,0,0,1,0
S,580037764772749,1790517213383812000,0,1000054541,51,0,0,0,0,0,0,1,0
S,580038769328541,1790517214388371000,0,1004555792,51,0,0,0,0,0,0,1,0
S,580039774804458,1790517215393851000,0,1005475917,51,0,0,0,0,0,0,1,0
S,580040782857333,1790517216401907000,0,1008052875,51,0,0,0,0,0,0,1,0
S,580041787651916,1790517217406705000,0,1004794583,51,0,0,0,0,0,0,1,0
S,580042794785958,1790517218413843000,0,1007134042,51,0,0,0,0,0,0,1,0
S,580043800235916,1790517219419296000,0,1005449958,51,0,0,0,0,0,0,1,0
S,580044806847874,1790517220425912000,0,1006611958,51,0,0,0,0,0,0,1,0
S,580045811727999,1790517221430795000,0,1004880125,51,0,0,0,0,0,0,1,0
S,580046820087208,1790517222439158000,0,1008359209,51,0,0,0,0,0,0,1,0
S,580047822174499,1790517223441248000,0,1002087291,51,0,0,0,0,0,0,1,0
S,580048829550999,1790517224448628000,0,1007376500,51,0,0,0,0,0,0,1,0
S,580049831600499,1790517225450681000,0,1002049500,51,0,0,0,0,0,0,1,0
S,580050834267416,1790517226453351000,0,1002666917,51,0,0,0,0,0,0,1,0
S,580051844082666,1790517227463170000,0,1009815250,51,0,0,0,0,0,0,1,0
S,580052848632333,1790517228467723000,0,1004549667,51,0,0,0,0,0,0,1,0
S,580053854951708,1790517229474045000,0,1006319375,51,0,0,0,0,0,0,1,0
S,580054858486666,1790517230477583000,0,1003534958,51,0,0,0,0,0,0,1,0
S,580055863278041,1790517231482378000,0,1004791375,51,0,0,0,0,0,0,1,0
S,580056873188541,1790517232492292000,0,1009910500,51,0,0,0,0,0,0,1,0
S,580057881513083,1790517233500619000,0,1008324542,51,0,0,0,0,0,0,1,0
S,580058887565624,1790517234506675000,0,1006052541,51,0,0,0,0,0,0,1,0
S,580059893912791,1790517235513025000,0,1006347167,51,0,0,0,0,0,0,1,0
S,580060901111291,1790517236520227000,0,1007198500,51,0,0,0,0,0,0,1,0
S,580061910390249,1790517237529509000,0,1009278958,51,0,0,0,0,0,0,1,0
S,580062921064458,1790517238540186000,0,1010674209,51,0,0,0,0,0,0,1,0
S,580063929820916,1790517239548946000,0,1008756458,51,0,0,0,0,0,0,1,0
S,580064933461374,1790517240552589000,0,1003640458,51,0,0,0,0,0,0,1,0
S,580065950687666,1790517241569819000,0,1017226292,52,0,0,0,0,0,0,1,0
S,580066951321374,1790517242570456000,0,1000633708,51,0,0,0,0,0,0,1,0
S,580067954459749,1790517243573597000,0,1003138375,51,0,0,0,0,0,0,1,0
S,580068965477624,1790517244584618000,0,1011017875,51,0,0,0,0,0,0,1,0
S,580069972415041,1790517245591558000,0,1006937417,51,0,0,0,0,0,0,1,0
S,580070976989333,1790517246596136000,0,1004574292,51,0,0,0,0,0,0,1,0
S,580071988288458,1790517247607438000,0,1011299125,51,0,0,0,0,0,0,1,0
S,580072996272916,1790517248615425000,0,1007984458,51,0,0,0,0,0,0,1,0
S,580074011235624,1790517249630391000,0,1014962708,52,0,0,0,0,0,0,1,0
S,580075016065166,1790517250635224000,0,1004829542,51,0,0,0,0,0,0,1,0
S,580076026860041,1790517251646022000,0,1010794875,51,0,0,0,0,0,0,1,0
S,580077030329666,1790517252649494000,0,1003469625,51,0,0,0,0,0,0,1,0
S,580078034602583,1790517253653770000,0,1004272917,51,0,0,0,0,0,0,1,0
S,580079041279416,1790517254660450000,0,1006676833,51,0,0,0,0,0,0,1,0
S,580080045129291,1790517255664303000,0,1003849875,51,0,0,0,0,0,0,1,0
S,580081062676041,1790517256681853000,0,1017546750,52,0,0,0,0,0,0,1,0
S,580082072222958,1790517257691403000,0,1009546917,51,0,0,0,0,0,0,1,0
S,580083076184916,1790517258695368000,0,1003961958,51,0,0,0,0,0,0,1,0
S,580084082814416,1790517259702000000,0,1006629500,51,0,0,0,0,0,0,1,0
S,580085088552374,1790517260707741000,0,1005737958,51,0,0,0,0,0,0,1,0
S,580086098308291,1790517261717500000,0,1009755917,51,0,0,0,0,0,0,1,0
S,580087106892374,1790517262726087000,0,1008584083,51,0,0,0,0,0,0,1,0
S,580088116623624,1790517263735821000,0,1009731250,51,0,0,0,0,0,0,1,0
S,580089125628541,1790517264744829000,0,1009004917,51,0,0,0,0,0,0,1,0
S,580090133873791,1790517265753078000,0,1008245250,51,0,0,0,0,0,0,1,0
S,580091138403124,1790517266757610000,0,1004529333,51,0,0,0,0,0,0,1,0
S,580092145543208,1790517267764753000,0,1007140084,51,0,0,0,0,0,0,1,0
S,580093154598416,1790517268773811000,0,1009055208,51,0,0,0,0,0,0,1,0
S,580094164753374,1790517269783969000,0,1010154958,51,0,0,0,0,0,0,1,0
S,580095170438999,1790517270789658000,0,1005685625,51,0,0,0,0,0,0,1,0
S,580096172616208,1790517271791838000,0,1002177209,51,0,0,0,0,0,0,1,0
S,580097179233874,1790517272798458000,0,1006617666,51,0,0,0,0,0,0,1,0
S,580098185992374,1790517273805220000,0,1006758500,51,0,0,0,0,0,0,1,0
S,580099196943833,1790517274816174000,0,1010951459,51,0,0,0,0,0,0,1,0
S,580100204710458,1790517275823944000,0,1007766625,51,0,0,0,0,0,0,1,0
S,580101214087583,1790517276833324000,0,1009377125,51,0,0,0,0,0,0,1,0
S,580102225716374,1790517277844956000,0,1011628791,51,0,0,0,0,0,0,1,0
S,580103234021916,1790517278853264000,0,1008305542,51,0,0,0,0,0,0,1,0
S,580104242749791,1790517279861995000,0,1008727875,51,0,0,0,0,0,0,1,0
S,580105249587958,1790517280868836000,0,1006838167,51,0,0,0,0,0,0,1,0
S,580106252909374,1790517281872161000,0,1003321416,51,0,0,0,0,0,0,1,0
S,580107262074624,1790517282881329000,0,1009165250,51,0,0,0,0,0,0,1,0
S,580108269964083,1790517283889221000,0,1007889459,51,0,0,0,0,0,0,1,0
S,580109276836249,1790517284896096000,0,1006872166,51,0,0,0,0,0,0,1,0
S,580110285007208,1790517285904270000,0,1008170959,51,0,0,0,0,0,0,1,0
S,580111290728999,1790517286909995000,0,1005721791,51,0,0,0,0,0,0,1,0
S,580112291045708,1790517287910315000,0,1000316709,51,0,0,0,0,0,0,1,0
S,580113295351374,1790517288914623000,0,1004305666,51,0,0,0,0,0,0,1,0
S,580114302001624,1790517289921277000,0,1006650250,51,0,0,0,0,0,0,1,0
S,580115305720583,1790517290924999000,0,1003718959,51,0,0,0,0,0,0,1,0
S,580116316120958,1790517291935402000,0,1010400375,51,0,0,0,0,0,0,1,0
S,580117331839166,1790517292951123000,0,1015718208,44,0,0,0,0,0,0,1,0
S,580118336987749,1790517293956275000,0,1005148583,51,0,0,0,0,0,0,1,0
S,580121909487666,1790517297528785000,0,3572499917,29,0,0,0,0,0,0,1,0
S,580122915245374,1790517298534546000,0,1005757708,61,0,0,0,0,0,0,1,0
S,580123928948416,1790517299548252000,0,1013703042,63,0,0,0,0,0,0,1,0
S,580124943134874,1790517300562441000,0,1014186458,63,0,0,0,0,0,0,1,0
S,580125953976333,1790517301573286000,0,1010841459,62,0,0,0,0,0,0,1,0
S,580126968118041,1790517302587430000,0,1014141708,63,0,0,0,0,0,0,1,0
S,580127968608916,1790517303587924000,0,1000490875,61,0,0,0,0,0,0,1,0
S,580128971668874,1790517304590987000,0,1003059958,61,0,0,0,0,0,0,1,0
S,580129987635208,1790517305606956000,0,1015966334,63,0,0,0,0,0,0,1,0
S,580130987967124,1790517306607291000,0,1000331916,62,0,0,0,0,0,0,1,0
S,580131997590499,1790517307616917000,0,1009623375,62,0,0,0,0,0,0,1,0
S,580133012725166,1790517308632055000,0,1015134667,63,0,0,0,0,0,0,1,0
S,580134020262124,1790517309639595000,0,1007536958,62,0,0,0,0,0,0,1,0
S,580135023650499,1790517310642986000,0,1003388375,57,0,0,0,0,0,0,1,0
S,580136030693666,1790517311650033000,0,1007043167,58,0,0,0,0,0,0,1,0
S,580137037834374,1790517312657176000,0,1007140708,62,0,0,0,0,0,0,1,0
S,580138047712374,1790517313667057000,0,1009878000,61,0,0,0,0,0,0,1,0
S,580139061905874,1790517314681254000,0,1014193500,62,0,0,0,0,0,0,1,0
S,580140072393166,1790517315691744000,0,1010487292,63,0,0,0,0,0,0,1,0
S,580141075488458,1790517316694842000,0,1003095292,62,0,0,0,0,0,0,1,0
S,580142087776458,1790517317707133000,0,1012288000,62,0,0,0,0,0,0,1,0
S,580143096267916,1790517318715628000,0,1008491458,61,0,0,0,0,0,0,1,0
S,580144101874041,1790517319721237000,0,1005606125,62,0,0,0,0,0,0,1,0
S,580145112189458,1790517320731555000,0,1010315417,62,0,0,0,0,0,0,1,0
S,580146124253624,1790517321743622000,0,1012064166,61,0,0,0,0,0,0,1,0
S,580147135125374,1790517322754497000,0,1010871750,62,0,0,0,0,0,0,1,0
S,580148140571833,1790517323759946000,0,1005446459,61,0,0,0,0,0,0,1,0
S,580149150529874,1790517324769907000,0,1009958041,63,0,0,0,0,0,0,1,0
S,580150151351041,1790517325770731000,0,1000821167,62,0,0,0,0,0,0,1,0
S,580151163051624,1790517326782435000,0,1011700583,63,0,0,0,0,0,0,1,0
S,580152163970041,1790517327783356000,0,1000918417,63,0,0,0,0,0,0,1,0
S,580153167283999,1790517328786673000,0,1003313958,62,0,0,0,0,0,0,1,0
S,580154179168458,1790517329798561000,0,1011884459,63,0,0,0,0,0,0,1,0
S,580155190219333,1790517330809615000,0,1011050875,61,0,0,0,0,0,0,1,0
S,580156194928499,1790517331814327000,0,1004709166,56,0,0,0,0,0,0,1,0
S,580157210432833,1790517332829834000,0,1015504334,55,0,0,0,0,0,0,1,0
S,580158222553708,1790517333841958000,0,1012120875,60,0,0,0,0,0,0,1,0
S,580159226262458,1790517334845669000,0,1003708750,60,0,0,0,0,0,0,1,0
S,580160242708083,1790517335862118000,0,1016445625,61,0,0,0,0,0,0,1,0
S,580161252331124,1790517336871744000,0,1009623041,61,0,0,0,0,0,0,1,0
S,580162258005708,1790517337877422000,0,1005674584,61,0,0,0,0,0,0,1,0
S,580163267758624,1790517338887178000,0,1009752916,61,0,0,0,0,0,0,1,0
S,580164274449833,1790517339893872000,0,1006691209,61,0,0,0,0,0,0,1,0
S,580165278508999,1790517340897934000,0,1004059166,59,0,0,0,0,0,0,1,0
S,580166285226541,1790517341904654000,0,1006717542,60,0,0,0,0,0,0,1,0
S,580167294404374,1790517342913835000,0,1009177833,60,0,0,0,0,0,0,1,0
S,580168303767249,1790517343923201000,0,1009362875,59,0,0,0,0,0,0,1,0
S,580169319241374,1790517344938678000,0,1015474125,60,0,0,0,0,0,0,1,0
S,580170324829999,1790517345944270000,0,1005588625,59,0,0,0,0,0,0,1,0
S,580171335862791,1790517346955305000,0,1011032792,60,0,0,0,0,0,0,1,0
S,580172342570624,1790517347962016000,0,1006707833,60,0,0,0,0,0,0,1,0
S,580173343099374,1790517348962548000,0,1000528750,58,0,0,0,0,0,0,1,0
S,580174354171083,1790517349973623000,0,1011071709,60,0,0,0,0,0,0,1,0
S,580175365089124,1790517350984544000,0,1010918041,60,0,0,0,0,0,0,1,0
S,580176372035874,1790517351991493000,0,1006946750,48,0,0,0,0,0,0,1,0
S,580177379882416,1790517352999343000,0,1007846542,53,0,0,0,0,0,0,1,0
S,580178383519333,1790517354002983000,0,1003636917,53,0,0,0,0,0,0,1,0
S,580179395737458,1790517355015204000,0,1012218125,54,0,0,0,0,0,0,1,0
