run,scenario,trial,power_mode,graphics_engine,power_source,refresh_hz,refresh_verified,game_resolution,settings_sha256,render_settings_sha256,vsync,mod_selection_sha256,cpu_w,gpu_w,combined_w,gpu_active_pct,eu4_cpu_pct,days_per_second,fps_observed,thermal_pressure,gog_sha256,save_sha256,save_sha256_after,save_changed,save_events
20260926T194101Z-paused-t1,paused,1,normal,standard,AC Power,120.0,False,3456x2234,a909d09839b6796cc4a117150c1373b3b3cc3b1207e4c1ae120e9347c32d090a,92748b90d84ab8e19f82c60b102db351a7240699baab58b924fadc8fe107f2e3,yes,d4b85788efdb0380d21c518ba8d3aebc49a46b6bce47f26b9d6ba0157745f78f,8.25522,1.5651100000000002,9.81869,54.817,126.1,,,Nominal,b3d38876abf4e61cdae57509186d7cb7dcb03bfeaca4c95c10c713794715141d,4eb14d4c7222a08676002f757875629c410787ed74c3664d06ee1c80489eb65a,,,0
20260926T200047Z-paused-t1,paused,1,normal,standard,AC Power,120.0,False,3456x2234,fb641df3a0d36fd749784191f7a13ba579a295aa830497c753d7d91b6fb18665,92748b90d84ab8e19f82c60b102db351a7240699baab58b924fadc8fe107f2e3,yes,d4b85788efdb0380d21c518ba8d3aebc49a46b6bce47f26b9d6ba0157745f78f,7.429875,1.6838600000000001,9.105345,56.9645,119.5,,,Nominal,b3d38876abf4e61cdae57509186d7cb7dcb03bfeaca4c95c10c713794715141d,3905618dfdef75f614aec31708ed4f6dc9ef6ea9860ed3b268e45b7ee3146401,3905618dfdef75f614aec31708ed4f6dc9ef6ea9860ed3b268e45b7ee3146401,False,0
20260926T200550Z-paused-t2,paused,2,normal,standard,AC Power,120.0,True,3456x2234,fb641df3a0d36fd749784191f7a13ba579a295aa830497c753d7d91b6fb18665,92748b90d84ab8e19f82c60b102db351a7240699baab58b924fadc8fe107f2e3,yes,d4b85788efdb0380d21c518ba8d3aebc49a46b6bce47f26b9d6ba0157745f78f,7.986055,1.673355,9.70378,51.191,125.75,,,Nominal,b3d38876abf4e61cdae57509186d7cb7dcb03bfeaca4c95c10c713794715141d,3905618dfdef75f614aec31708ed4f6dc9ef6ea9860ed3b268e45b7ee3146401,3905618dfdef75f614aec31708ed4f6dc9ef6ea9860ed3b268e45b7ee3146401,False,0
20260926T200923Z-speed1-t1,speed1,1,normal,standard,AC Power,120.0,True,3456x2234,fb641df3a0d36fd749784191f7a13ba579a295aa830497c753d7d91b6fb18665,92748b90d84ab8e19f82c60b102db351a7240699baab58b924fadc8fe107f2e3,yes,d4b85788efdb0380d21c518ba8d3aebc49a46b6bce47f26b9d6ba0157745f78f,8.223245,1.698445,9.921465000000001,54.037,130.55,0.4803,,Nominal,b3d38876abf4e61cdae57509186d7cb7dcb03bfeaca4c95c10c713794715141d,3905618dfdef75f614aec31708ed4f6dc9ef6ea9860ed3b268e45b7ee3146401,3905618dfdef75f614aec31708ed4f6dc9ef6ea9860ed3b268e45b7ee3146401,False,0
20260926T201413Z-speed3-t1,speed3,1,normal,standard,AC Power,120.0,True,3456x2234,fb641df3a0d36fd749784191f7a13ba579a295aa830497c753d7d91b6fb18665,92748b90d84ab8e19f82c60b102db351a7240699baab58b924fadc8fe107f2e3,yes,d4b85788efdb0380d21c518ba8d3aebc49a46b6bce47f26b9d6ba0157745f78f,8.659545000000001,1.599645,10.2732,48.235,148.65,1.6658,,Nominal,b3d38876abf4e61cdae57509186d7cb7dcb03bfeaca4c95c10c713794715141d,3905618dfdef75f614aec31708ed4f6dc9ef6ea9860ed3b268e45b7ee3146401,3905618dfdef75f614aec31708ed4f6dc9ef6ea9860ed3b268e45b7ee3146401,False,0
20260926T202023Z-speed5-t1,speed5,1,normal,standard,AC Power,120.0,True,3456x2234,fb641df3a0d36fd749784191f7a13ba579a295aa830497c753d7d91b6fb18665,92748b90d84ab8e19f82c60b102db351a7240699baab58b924fadc8fe107f2e3,yes,d4b85788efdb0380d21c518ba8d3aebc49a46b6bce47f26b9d6ba0157745f78f,11.598749999999999,0.857701,12.44825,26.597,265.3,10.723,,Nominal,b3d38876abf4e61cdae57509186d7cb7dcb03bfeaca4c95c10c713794715141d,3905618dfdef75f614aec31708ed4f6dc9ef6ea9860ed3b268e45b7ee3146401,3905618dfdef75f614aec31708ed4f6dc9ef6ea9860ed3b268e45b7ee3146401,False,0
20260926T203738Z-speed5-t1,speed5,1,low,standard,AC Power,120.0,True,3456x2234,fb641df3a0d36fd749784191f7a13ba579a295aa830497c753d7d91b6fb18665,92748b90d84ab8e19f82c60b102db351a7240699baab58b924fadc8fe107f2e3,yes,d4b85788efdb0380d21c518ba8d3aebc49a46b6bce47f26b9d6ba0157745f78f,5.176769999999999,0.6892395,5.859310000000001,20.436500000000002,248.0,7.1573,,"Moderate, Nominal",b3d38876abf4e61cdae57509186d7cb7dcb03bfeaca4c95c10c713794715141d,3905618dfdef75f614aec31708ed4f6dc9ef6ea9860ed3b268e45b7ee3146401,3905618dfdef75f614aec31708ed4f6dc9ef6ea9860ed3b268e45b7ee3146401,False,0
20260926T205412Z-paused-t1,paused,1,normal,standard,AC Power,60.0,True,1728x1117,a193df9d801180a1dd551849cfc2c7b66936ac2d0964b0a9604121e13b8d7bf3,5640af94dd8cd8718d42ce7434f0b972fd7df0a1a9167f08fa3945de976ae995,yes,d4b85788efdb0380d21c518ba8d3aebc49a46b6bce47f26b9d6ba0157745f78f,8.320969999999999,0.5848215000000001,8.915244999999999,31.652,135.14999999999998,,,Nominal,b3d38876abf4e61cdae57509186d7cb7dcb03bfeaca4c95c10c713794715141d,3905618dfdef75f614aec31708ed4f6dc9ef6ea9860ed3b268e45b7ee3146401,3905618dfdef75f614aec31708ed4f6dc9ef6ea9860ed3b268e45b7ee3146401,False,0
20260927T064212Z-paused-t3,paused,3,normal,multithreaded OpenGL,AC Power,120.0,True,3456x2234,fb641df3a0d36fd749784191f7a13ba579a295aa830497c753d7d91b6fb18665,92748b90d84ab8e19f82c60b102db351a7240699baab58b924fadc8fe107f2e3,yes,d4b85788efdb0380d21c518ba8d3aebc49a46b6bce47f26b9d6ba0157745f78f,11.947849999999999,2.8388150000000003,14.7985,77.1785,175.2,,,Nominal,b3d38876abf4e61cdae57509186d7cb7dcb03bfeaca4c95c10c713794715141d,3905618dfdef75f614aec31708ed4f6dc9ef6ea9860ed3b268e45b7ee3146401,3905618dfdef75f614aec31708ed4f6dc9ef6ea9860ed3b268e45b7ee3146401,False,0
