scenario,refresh_hz,power_mode,graphics_engine,power_source,game_resolution,settings_sha256,render_settings_sha256,vsync,mod_selection_sha256,trials,refresh_verified,cpu_w,gpu_w,combined_w,gpu_active_pct,eu4_cpu_pct,days_per_second,soc_days_per_joule,fps_observed,thermal_pressure,gog_sha256,save_sha256
paused,120.0,normal,standard,AC Power,3456x2234,fb641df3a0d36fd749784191f7a13ba579a295aa830497c753d7d91b6fb18665,92748b90d84ab8e19f82c60b102db351a7240699baab58b924fadc8fe107f2e3,yes,d4b85788efdb0380d21c518ba8d3aebc49a46b6bce47f26b9d6ba0157745f78f,1,False,7.43,1.684,9.105,56.965,119.5,,,,Nominal,b3d38876abf4e61cdae57509186d7cb7dcb03bfeaca4c95c10c713794715141d,3905618dfdef75f614aec31708ed4f6dc9ef6ea9860ed3b268e45b7ee3146401
paused,120.0,normal,standard,AC Power,3456x2234,a909d09839b6796cc4a117150c1373b3b3cc3b1207e4c1ae120e9347c32d090a,92748b90d84ab8e19f82c60b102db351a7240699baab58b924fadc8fe107f2e3,yes,d4b85788efdb0380d21c518ba8d3aebc49a46b6bce47f26b9d6ba0157745f78f,1,False,8.255,1.565,9.819,54.817,126.1,,,,Nominal,b3d38876abf4e61cdae57509186d7cb7dcb03bfeaca4c95c10c713794715141d,4eb14d4c7222a08676002f757875629c410787ed74c3664d06ee1c80489eb65a
paused,120.0,normal,multithreaded OpenGL,AC Power,3456x2234,fb641df3a0d36fd749784191f7a13ba579a295aa830497c753d7d91b6fb18665,92748b90d84ab8e19f82c60b102db351a7240699baab58b924fadc8fe107f2e3,yes,d4b85788efdb0380d21c518ba8d3aebc49a46b6bce47f26b9d6ba0157745f78f,1,True,11.948,2.839,14.799,77.178,175.2,,,,Nominal,b3d38876abf4e61cdae57509186d7cb7dcb03bfeaca4c95c10c713794715141d,3905618dfdef75f614aec31708ed4f6dc9ef6ea9860ed3b268e45b7ee3146401
paused,120.0,normal,standard,AC Power,3456x2234,fb641df3a0d36fd749784191f7a13ba579a295aa830497c753d7d91b6fb18665,92748b90d84ab8e19f82c60b102db351a7240699baab58b924fadc8fe107f2e3,yes,d4b85788efdb0380d21c518ba8d3aebc49a46b6bce47f26b9d6ba0157745f78f,1,True,7.986,1.673,9.704,51.191,125.75,,,,Nominal,b3d38876abf4e61cdae57509186d7cb7dcb03bfeaca4c95c10c713794715141d,3905618dfdef75f614aec31708ed4f6dc9ef6ea9860ed3b268e45b7ee3146401
paused,60.0,normal,standard,AC Power,1728x1117,a193df9d801180a1dd551849cfc2c7b66936ac2d0964b0a9604121e13b8d7bf3,5640af94dd8cd8718d42ce7434f0b972fd7df0a1a9167f08fa3945de976ae995,yes,d4b85788efdb0380d21c518ba8d3aebc49a46b6bce47f26b9d6ba0157745f78f,1,True,8.321,0.585,8.915,31.652,135.15,,,,Nominal,b3d38876abf4e61cdae57509186d7cb7dcb03bfeaca4c95c10c713794715141d,3905618dfdef75f614aec31708ed4f6dc9ef6ea9860ed3b268e45b7ee3146401
speed1,120.0,normal,standard,AC Power,3456x2234,fb641df3a0d36fd749784191f7a13ba579a295aa830497c753d7d91b6fb18665,92748b90d84ab8e19f82c60b102db351a7240699baab58b924fadc8fe107f2e3,yes,d4b85788efdb0380d21c518ba8d3aebc49a46b6bce47f26b9d6ba0157745f78f,1,True,8.223,1.698,9.921,54.037,130.55,0.48,0.0484,,Nominal,b3d38876abf4e61cdae57509186d7cb7dcb03bfeaca4c95c10c713794715141d,3905618dfdef75f614aec31708ed4f6dc9ef6ea9860ed3b268e45b7ee3146401
speed3,120.0,normal,standard,AC Power,3456x2234,fb641df3a0d36fd749784191f7a13ba579a295aa830497c753d7d91b6fb18665,92748b90d84ab8e19f82c60b102db351a7240699baab58b924fadc8fe107f2e3,yes,d4b85788efdb0380d21c518ba8d3aebc49a46b6bce47f26b9d6ba0157745f78f,1,True,8.66,1.6,10.273,48.235,148.65,1.666,0.1624,,Nominal,b3d38876abf4e61cdae57509186d7cb7dcb03bfeaca4c95c10c713794715141d,3905618dfdef75f614aec31708ed4f6dc9ef6ea9860ed3b268e45b7ee3146401
speed5,120.0,low,standard,AC Power,3456x2234,fb641df3a0d36fd749784191f7a13ba579a295aa830497c753d7d91b6fb18665,92748b90d84ab8e19f82c60b102db351a7240699baab58b924fadc8fe107f2e3,yes,d4b85788efdb0380d21c518ba8d3aebc49a46b6bce47f26b9d6ba0157745f78f,1,True,5.177,0.689,5.859,20.437,248.0,7.157,1.2201,,"Moderate, Nominal",b3d38876abf4e61cdae57509186d7cb7dcb03bfeaca4c95c10c713794715141d,3905618dfdef75f614aec31708ed4f6dc9ef6ea9860ed3b268e45b7ee3146401
speed5,120.0,normal,standard,AC Power,3456x2234,fb641df3a0d36fd749784191f7a13ba579a295aa830497c753d7d91b6fb18665,92748b90d84ab8e19f82c60b102db351a7240699baab58b924fadc8fe107f2e3,yes,d4b85788efdb0380d21c518ba8d3aebc49a46b6bce47f26b9d6ba0157745f78f,1,True,11.599,0.858,12.448,26.597,265.3,10.723,0.8608,,Nominal,b3d38876abf4e61cdae57509186d7cb7dcb03bfeaca4c95c10c713794715141d,3905618dfdef75f614aec31708ed4f6dc9ef6ea9860ed3b268e45b7ee3146401
