sample,timestamp,interval_s,cpu_w,gpu_w,combined_w,gpu_active_pct,thermal_pressure
0,2026-09-26T20:37:39,1.035055041,4.79008,0.563255,5.35334,17.841,Moderate
1,2026-09-26T20:37:40,1.047504083,5.068239999999999,0.604294,5.67253,17.825,Moderate
2,2026-09-26T20:37:41,1.041927875,4.79688,0.6910270000000001,5.4879,20.803,Moderate
3,2026-09-26T20:37:43,1.044782291,5.37815,0.459426,5.83758,13.846,Moderate
4,2026-09-26T20:37:44,1.03524825,5.807300000000001,0.6549149999999999,6.46222,19.168,Moderate
5,2026-09-26T20:37:45,1.041783249,5.89182,0.619131,6.51095,18.209,Moderate
6,2026-09-26T20:37:46,1.038804166,5.74025,0.598765,6.3390200000000005,17.471,Moderate
7,2026-09-26T20:37:47,1.04384375,6.23178,0.576715,6.80849,16.881,Moderate
8,2026-09-26T20:37:48,1.039372374,4.93182,0.49741599999999997,5.42924,14.682,Moderate
9,2026-09-26T20:37:49,1.042392625,5.19766,0.6964750000000001,5.8941300000000005,20.311,Moderate
10,2026-09-26T20:37:50,1.042895833,5.38692,0.718193,6.10512,21.356,Moderate
11,2026-09-26T20:37:51,1.038227124,6.30209,0.700232,7.00232,20.947,Moderate
12,2026-09-26T20:37:52,1.0476345,6.09659,0.461993,6.558590000000001,14.197,Moderate
13,2026-09-26T20:37:53,1.038210208,6.05754,0.75033,6.80787,22.123,Nominal
14,2026-09-26T20:37:54,1.045533166,4.89702,0.6102150000000001,5.5072399999999995,24.936,Nominal
15,2026-09-26T20:37:55,1.042978041,5.446899999999999,0.70663,6.15353,20.562,Nominal
16,2026-09-26T20:37:56,1.045376458,5.3951899999999995,0.46586099999999997,5.8610500000000005,13.805,Nominal
17,2026-09-26T20:37:57,1.035629708,5.27698,0.753165,6.03015,21.527,Nominal
18,2026-09-26T20:37:58,1.043976749,5.07195,0.731817,5.80377,21.534,Nominal
19,2026-09-26T20:37:59,1.040006625,4.99228,0.764418,5.75669,22.289,Nominal
20,2026-09-26T20:38:00,1.042795624,5.03838,0.468932,5.50731,13.796,Nominal
21,2026-09-26T20:38:01,1.039921708,5.14462,0.753903,5.89852,21.714,Nominal
22,2026-09-26T20:38:02,1.044778625,4.729229999999999,0.756141,5.48537,22.502,Nominal
23,2026-09-26T20:38:03,1.049266041,5.43809,0.714785,6.15287,21.18,Nominal
24,2026-09-26T20:38:04,1.043993083,5.021109999999999,0.507666,5.528770000000001,15.119,Nominal
25,2026-09-26T20:38:05,1.041719458,4.95815,0.78044,5.73859,22.631,Nominal
26,2026-09-26T20:38:06,1.047247875,4.81166,0.738125,5.54978,21.985,Nominal
27,2026-09-26T20:38:08,1.040463624,4.97567,0.6602830000000001,5.63595,19.421,Nominal
28,2026-09-26T20:38:09,1.044207833,5.1311599999999995,0.534376,5.66554,15.712,Nominal
29,2026-09-26T20:38:10,1.040274208,5.084239999999999,0.746918,5.83115,21.768,Nominal
30,2026-09-26T20:38:11,1.04516075,5.17624,0.793179,5.96942,22.923,Nominal
31,2026-09-26T20:38:12,1.047597791,4.67737,0.564148,5.24152,16.793,Nominal
32,2026-09-26T20:38:13,1.047395958,5.7094,0.5690299999999999,6.27843,16.752,Nominal
33,2026-09-26T20:38:14,1.0390615,5.07862,0.767038,5.84566,21.961,Nominal
34,2026-09-26T20:38:15,1.046226625,4.898560000000001,0.723553,5.622109999999999,21.51,Nominal
35,2026-09-26T20:38:16,1.046491791,5.1773,0.549455,5.72675,17.093,Nominal
36,2026-09-26T20:38:17,1.044122999,5.31163,0.535378,5.84701,15.624,Nominal
37,2026-09-26T20:38:18,1.045496916,5.228140000000001,0.7489260000000001,5.977060000000001,22.227,Nominal
38,2026-09-26T20:38:19,1.041150999,5.129899999999999,0.7712619999999999,5.90116,22.545,Nominal
39,2026-09-26T20:38:20,1.045380583,4.91687,0.61413,5.531,18.137,Nominal
40,2026-09-26T20:38:21,1.045668625,5.39559,0.5651889999999999,5.96078,16.53,Nominal
41,2026-09-26T20:38:22,1.043021583,5.323,0.758374,6.08137,21.942,Nominal
42,2026-09-26T20:38:23,1.043809333,4.88308,0.741515,5.62459,22.317,Nominal
43,2026-09-26T20:38:24,1.042923291,4.7271,0.608865,5.33596,17.713,Nominal
44,2026-09-26T20:38:25,1.045448041,5.64543,0.5748730000000001,6.2203,17.705,Nominal
45,2026-09-26T20:38:26,1.049920791,5.1575299999999995,0.632429,5.78996,25.94,Nominal
46,2026-09-26T20:38:27,1.043755083,4.953270000000001,0.7262240000000001,5.6794899999999995,20.873,Nominal
47,2026-09-26T20:38:28,1.047345708,5.468109999999999,0.687452,6.15556,20.113,Nominal
48,2026-09-26T20:38:29,1.045971374,4.88637,0.467508,5.35388,13.82,Nominal
49,2026-09-26T20:38:30,1.04039925,5.32584,0.74779,6.0736300000000005,22.338,Nominal
50,2026-09-26T20:38:32,1.04373475,5.18523,0.736777,5.922,21.471,Nominal
51,2026-09-26T20:38:33,1.037185208,5.4493599999999995,0.694187,6.14355,20.139,Nominal
52,2026-09-26T20:38:34,1.045826458,4.96449,0.514426,5.4789200000000005,14.987,Nominal
53,2026-09-26T20:38:35,1.045450708,5.4015,0.744177,6.14567,21.4,Nominal
54,2026-09-26T20:38:36,1.038755583,5.6635100000000005,0.7817050000000001,6.44521,23.866,Nominal
55,2026-09-26T20:38:37,1.045168333,5.32929,0.664965,5.99425,19.319,Nominal
56,2026-09-26T20:38:38,1.045017249,4.94059,0.526307,5.4669,15.398,Nominal
57,2026-09-26T20:38:39,1.043948541,5.14776,0.7098049999999999,5.85757,20.625,Nominal
58,2026-09-26T20:38:40,1.039869583,5.30932,0.744324,6.053640000000001,22.269,Nominal
59,2026-09-26T20:38:41,1.045497375,5.411779999999999,0.666668,6.07845,20.155,Nominal
