S,55678840268166,1791061328608445000,2782388875,2,0
S,55679853696041,1791061329621875000,1013427875,3,0
S,55680966759083,1791061330734942000,1113063042,1,0
S,55683358435750,1791061333126626000,2391676667,2,0
S,55685693305208,1791061335461503000,2334869458,2,0
S,55687440747000,1791061337208950000,1747441792,2,0
S,55688664225208,1791061338432431000,1223478208,58,0
S,55690581737958,1791061340349950000,1917512750,2,0
S,55692544363875,1791061342312582000,1962625917,1,0
S,55694172134666,1791061343940358000,1627770791,1,1
S,55695185295916,1791061344953522000,1013161250,59,59
S,55696186194208,1791061345954424000,1000898292,49,49
S,55697203745000,1791061346971978000,1017550792,50,50
S,55698216064625,1791061347984301000,1012319625,50,50
S,55699232477875,1791061349000717000,1016413250,50,50
S,55700247429541,1791061350015672000,1014951666,50,50
S,55701258248916,1791061351026494000,1010819375,50,50
S,55702273556750,1791061352041805000,1015307834,50,50
S,55703287412583,1791061353055664000,1013855833,50,50
S,55704304992166,1791061354073247000,1017579583,50,50
S,55705319287291,1791061355087545000,1014295125,50,50
S,55706336299208,1791061356104560000,1017011917,50,50
S,55707349980791,1791061357118244000,1013681583,50,50
S,55708360406500,1791061358128673000,1010425709,50,50
S,55709376561250,1791061359144831000,1016154750,50,50
S,55710388639291,1791061360156912000,1012078041,50,50
S,55711407154333,1791061361175431000,1018515042,50,50
S,55712425959541,1791061362194239000,1018805208,50,50
S,55713438465250,1791061363206747000,1012505709,50,50
S,55714456510791,1791061364224796000,1018045541,50,50
S,55715475376708,1791061365243665000,1018865917,50,50
S,55716493783208,1791061366262075000,1018406500,50,50
S,55717505922208,1791061367274217000,1012139000,50,50
S,55718516266000,1791061368284564000,1010343792,50,50
S,55719516614625,1791061369284916000,1000348625,49,49
S,55720534426791,1791061370302731000,1017812166,50,50
S,55721554432666,1791061371322740000,1020005875,50,50
S,55722571991125,1791061372340301000,1017558459,50,50
S,55723589051083,1791061373357364000,1017059958,50,50
S,55724607576208,1791061374375893000,1018525125,50,50
S,55725622048000,1791061375390368000,1014471792,50,50
S,55726623905625,1791061376392228000,1001857625,49,49
S,55727642495791,1791061377410822000,1018590166,50,50
S,55728660203875,1791061378428533000,1017708084,50,50
S,55729678181875,1791061379446514000,1017978000,50,50
S,55730694669458,1791061380463004000,1016487583,50,50
S,55731712206166,1791061381480544000,1017536708,50,50
S,55732731554625,1791061382499896000,1019348459,50,50
S,55733750575958,1791061383518920000,1019021333,50,50
S,55734768787291,1791061384537135000,1018211333,50,50
S,55735769093541,1791061385537444000,1000306250,49,49
S,55736770344500,1791061386538698000,1001250959,49,49
S,55737770575000,1791061387538932000,1000230500,49,49
S,55738772014375,1791061388540374000,1001439375,49,49
S,55739792018375,1791061389560381000,1020004000,50,50
S,55740808285208,1791061390576652000,1016266833,50,50
S,55741824009583,1791061391592379000,1015724375,50,50
S,55742843631208,1791061392612003000,1019621625,50,50
S,55743859276041,1791061393627651000,1015644833,50,50
S,55744878517166,1791061394646895000,1019241125,50,50
S,55745878943708,1791061395647325000,1000426542,49,49
S,55746878996500,1791061396647381000,1000052792,49,49
S,55747882136500,1791061397650524000,1003140000,49,49
S,55748890953625,1791061398659344000,1008817125,49,49
S,55749908498708,1791061399676893000,1017545083,50,50
S,55750928062875,1791061400696460000,1019564167,50,50
S,55751937544875,1791061401705945000,1009482000,49,49
S,55752939559041,1791061402707962000,1002014166,49,49
S,55753942237166,1791061403710643000,1002678125,49,49
S,55754958544791,1791061404726954000,1016307625,49,49
S,55755963637708,1791061405732050000,1005092917,49,49
S,55756969969583,1791061406738385000,1006331875,49,49
S,55757973296875,1791061407741715000,1003327292,49,49
S,55758989845958,1791061408758268000,1016549083,50,50
S,55759996817208,1791061409765242000,1006971250,49,49
S,55761000417375,1791061410768845000,1003600167,49,49
S,55762001828375,1791061411770259000,1001411000,49,49
S,55763004406333,1791061412772840000,1002577958,49,49
S,55764011120291,1791061413779557000,1006713958,49,49
S,55765015613833,1791061414784054000,1004493542,49,49
S,55766022171291,1791061415790614000,1006557458,49,49
S,55767025794750,1791061416794241000,1003623459,49,49
S,55768032078750,1791061417800528000,1006284000,49,49
S,55769039222208,1791061418807675000,1007143458,49,49
S,55770048560083,1791061419817015000,1009337875,49,49
S,55771052606000,1791061420821064000,1004045917,49,49
S,55772056639791,1791061421825101000,1004033791,49,49
S,55773062003750,1791061422830468000,1005363959,49,49
S,55774062462916,1791061423830931000,1000459166,49,49
S,55775068068500,1791061424836539000,1005605584,49,49
S,55776077512833,1791061425845987000,1009444333,49,49
S,55777088234625,1791061426856712000,1010721792,49,49
S,55778097181125,1791061427865661000,1008946500,49,49
S,55779105170250,1791061428873653000,1007989125,49,49
S,55780110909041,1791061429879395000,1005738791,49,49
S,55781118649250,1791061430887138000,1007740209,49,49
S,55782123873500,1791061431892366000,1005224250,49,49
S,55783143189500,1791061432911685000,1019316000,50,50
S,55784149794833,1791061433918293000,1006605333,49,49
S,55785159473625,1791061434927975000,1009678792,49,49
S,55786165227125,1791061435933732000,1005753500,49,49
S,55787169154750,1791061436937663000,1003927625,49,49
S,55788172808666,1791061437941320000,1003653916,49,49
S,55789173157583,1791061438941672000,1000348917,49,49
S,55790177559750,1791061439946077000,1004402167,49,49
S,55791185776166,1791061440954296000,1008216416,49,49
S,55792195365000,1791061441963888000,1009588834,49,49
S,55793197859958,1791061442966386000,1002494958,49,49
S,55794208230750,1791061443976760000,1010370792,49,49
S,55795211620250,1791061444980153000,1003389500,49,49
S,55796218225333,1791061445986761000,1006605083,49,49
S,55797226631333,1791061446995170000,1008406000,53,53
S,55798243693166,1791061448012235000,1017061833,54,54
S,55799261414583,1791061449029959000,1017721417,54,54
S,55800273060083,1791061450041608000,1011645500,59,59
S,55801278760791,1791061451047312000,1005700708,54,54
S,55802286797125,1791061452055351000,1008036334,54,54
S,55803293708750,1791061453062266000,1006911625,54,54
S,55804300772458,1791061454069333000,1007063708,55,55
S,55805305781708,1791061455074345000,1005009250,54,54
S,55806323112083,1791061456091678000,1017330375,55,55
S,55807341251500,1791061457109821000,1018139417,55,55
S,55808344590750,1791061458113163000,1003339250,54,54
S,55809359097458,1791061459127673000,1014506708,55,55
S,55810363215500,1791061460131794000,1004118042,54,54
S,55811368421458,1791061461137003000,1005205958,54,54
S,55812386072541,1791061462154657000,1017651083,55,55
S,55813398343500,1791061463166932000,1012270959,55,55
S,55814403048375,1791061464171639000,1004704875,54,54
S,55815408324375,1791061465176918000,1005276000,54,54
S,55816413228000,1791061466181825000,1004903625,54,54
S,55817426813208,1791061467195413000,1013585208,55,55
S,55818441296791,1791061468209900000,1014483583,55,55
S,55819455574791,1791061469224181000,1014278000,55,55
S,55820464124541,1791061470232734000,1008549750,55,55
S,55821466099958,1791061471234713000,1001975417,54,54
S,55822474016125,1791061472242632000,1007916167,51,51
S,55823493920708,1791061473262540000,1019904583,49,49
S,55824509849291,1791061474278471000,1015928583,49,49
S,55825514358666,1791061475282984000,1004509375,49,49
S,55826522051416,1791061476290680000,1007692750,49,49
S,55827529393958,1791061477298025000,1007342542,41,41
S,55828532287416,1791061478300922000,1002893458,36,36
S,55829540715708,1791061479309353000,1008428292,36,36
S,55830541401166,1791061480310042000,1000685458,36,36
S,55831566783916,1791061481335427000,1025382750,37,37
S,55832571279500,1791061482339926000,1004495584,36,36
S,55833575747416,1791061483344397000,1004467916,36,36
S,55834578428500,1791061484347081000,1002681084,36,36
S,55835604479583,1791061485373135000,1026051083,37,37
S,55836609682833,1791061486378342000,1005203250,36,36
S,55837613407458,1791061487382069000,1003724625,36,36
S,55838616820875,1791061488385486000,1003413417,36,36
S,55839621520375,1791061489390188000,1004699500,36,36
S,55840647506250,1791061490416177000,1025985875,37,37
S,55841648994250,1791061491417668000,1001488000,36,36
S,55842649570583,1791061492418248000,1000576333,36,36
S,55843677180875,1791061493445861000,1027610292,37,37
S,55844704280583,1791061494472964000,1027099708,37,37
S,55845707630750,1791061495476317000,1003350167,36,36
S,55846735007958,1791061496503698000,1027377208,37,37
S,55847743104208,1791061497511797000,1008096250,50,50
S,55848743835208,1791061498512532000,1000731000,54,54
S,55849747148291,1791061499515847000,1003313083,53,53
S,55850754878541,1791061500523580000,1007730250,54,54
S,55851770240833,1791061501538946000,1015362292,55,55
S,55852778739666,1791061502547448000,1008498833,54,54
S,55853785970291,1791061503554687000,1007230625,54,54
S,55854794803916,1791061504563519000,1008833625,55,55
S,55855796153166,1791061505564871000,1001349250,55,55
S,55856804705000,1791061506573426000,1008551834,54,54
S,55857811920083,1791061507580644000,1007215083,54,54
S,55858821705458,1791061508590432000,1009785375,55,55
S,55859830734500,1791061509599464000,1009029042,55,55
S,55860846889875,1791061510615623000,1016155375,55,55
S,55861854863583,1791061511623600000,1007973708,55,55
S,55862863561958,1791061512632301000,1008698375,55,55
S,55863877911083,1791061513646653000,1014349125,55,55
S,55864890205583,1791061514658951000,1012294500,56,56
S,55865894357666,1791061515663106000,1004152083,54,54
S,55866898654416,1791061516667406000,1004296750,54,54
S,55867898754666,1791061517667509000,1000100250,54,54
S,55868909271250,1791061518678029000,1010516584,54,54
S,55869915485375,1791061519684246000,1006214125,54,54
S,55870929886916,1791061520698651000,1014401541,55,55
S,55871935098833,1791061521703866000,1005211917,54,54
S,55872944522541,1791061522713297000,1009423708,50,50
S,55873955777166,1791061523724550000,1011254625,49,49
S,55874973934833,1791061524742711000,1018157667,49,49
S,55875979947750,1791061525748727000,1006012917,49,49
S,55876991315500,1791061526760098000,1011367750,49,49
S,55878015865541,1791061527784651000,1024550041,39,39
S,55879016202458,1791061528784991000,1000336917,36,36
S,55880021709500,1791061529790501000,1005507042,36,36
S,55881027073833,1791061530795868000,1005364333,36,36
S,55882031345875,1791061531800144000,1004272042,36,36
S,55883032839916,1791061532801641000,1001494041,36,36
S,55884040008916,1791061533808813000,1007169000,36,36
S,55885042477625,1791061534811284000,1002468709,36,36
S,55886046980833,1791061535815791000,1004503208,36,36
S,55887049233166,1791061536818046000,1002252333,36,36
S,55888060935750,1791061537829752000,1011702584,36,36
S,55889064047291,1791061538832866000,1003111541,36,36
S,55890065736000,1791061539834558000,1001688709,36,36
S,55891070681958,1791061540839507000,1004945958,36,36
S,55892076450750,1791061541845279000,1005768792,36,36
S,55893080489041,1791061542849321000,1004038291,36,36
S,55894085244708,1791061543854079000,1004755667,36,36
S,55895092412375,1791061544861250000,1007167667,36,36
S,55896095381625,1791061545864222000,1002969250,36,36
S,55897104195791,1791061546873040000,1008814166,36,36
S,55898122921375,1791061547891768000,1018725584,51,51
S,55899130114750,1791061548898965000,1007193375,54,54
S,55900136562250,1791061549905415000,1006447500,54,54
S,55901144585166,1791061550913441000,1008022916,54,54
S,55902150334166,1791061551919194000,1005749000,54,54
S,55903150695291,1791061552919558000,1000361125,54,54
S,55904153665083,1791061553922531000,1002969792,54,54
S,55905160842666,1791061554929711000,1007177583,54,54
S,55906173296750,1791061555942168000,1012454084,54,54
S,55907189118041,1791061556957993000,1015821291,55,55
S,55908192683416,1791061557961562000,1003565375,54,54
S,55909207699208,1791061558976580000,1015015792,55,55
S,55910217421916,1791061559986306000,1009722708,54,54
S,55911223860125,1791061560992747000,1006438209,54,54
S,55912240573458,1791061562009464000,1016713333,55,55
S,55913249552166,1791061563018446000,1008978708,54,54
S,55914258150000,1791061564027046000,1008597834,54,54
S,55915273864500,1791061565042764000,1015714500,55,55
S,55916289799291,1791061566058702000,1015934791,55,55
S,55917302488750,1791061567071395000,1012689459,55,55
S,55918309357666,1791061568078267000,1006868916,54,54
S,55919311353750,1791061569080265000,1001996084,54,54
S,55920326866625,1791061570095782000,1015512875,55,55
S,55921335037208,1791061571103955000,1008170583,54,54
S,55922352873291,1791061572121795000,1017836083,56,56
S,55923366569750,1791061573135494000,1013696459,50,50
S,55924376011083,1791061574144941000,1009441333,49,49
S,55925391954458,1791061575160885000,1015943375,49,49
S,55926403015583,1791061576171949000,1011061125,49,49
S,55927414037625,1791061577182974000,1011022042,49,49
S,55928439514583,1791061578208454000,1025476958,39,39
S,55929447603750,1791061579216546000,1008089167,36,36
S,55930447672541,1791061580216618000,1000068791,36,36
S,55931475402416,1791061581244351000,1027729875,37,37
S,55932477136041,1791061582246088000,1001733625,36,36
S,55933480000000,1791061583248955000,1002863959,36,36
S,55934486873833,1791061584255832000,1006873833,35,35
S,55935495968041,1791061585264929000,1009094208,36,36
S,55936502781375,1791061586271746000,1006813334,36,36
S,55937503314083,1791061587272282000,1000532708,36,36
S,55938505805166,1791061588274776000,1002491083,36,36
S,55939510309958,1791061589279284000,1004504792,36,36
S,55940516433375,1791061590285410000,1006123417,36,36
S,55941516944125,1791061591285924000,1000510750,35,35
S,55942521438041,1791061592290421000,1004493916,36,36
S,55943538562250,1791061593307548000,1017124209,36,36
S,55944548067958,1791061594317057000,1009505708,36,36
S,55945554582458,1791061595323574000,1006514500,36,36
S,55946558362541,1791061596327358000,1003780083,36,36
S,55947568988791,1791061597337987000,1010626250,36,36
S,55948569604833,1791061598338606000,1000616042,47,47
S,55949589573541,1791061599358578000,1019968708,46,46
S,55950600738041,1791061600369746000,1011164500,49,49
