S,641653963656874,1790578829747541000,2782843916,2,0
S,641654967022958,1790578830750909000,1003366084,1,0
S,641656236988208,1790578832020877000,1269965250,3,0
S,641658755700708,1790578834539595000,2518712500,2,0
S,641661417321791,1790578837201221000,2661621083,2,0
S,641663248667708,1790578839032571000,1831345917,2,0
S,641664252327166,1790578840036232000,1003659458,57,0
S,641666113911958,1790578841897821000,1861584792,3,0
S,641668079008916,1790578843862922000,1965096958,1,0
S,641669672054166,1790578845455972000,1593045250,1,1
S,641670677073458,1790578846460992000,1005019292,70,70
S,641671683418124,1790578847467338000,1006344666,108,108
S,641672695493499,1790578848479416000,1012075375,120,120
S,641673695549541,1790578849479474000,1000056042,120,120
S,641674701672374,1790578850485599000,1006122833,121,121
S,641675706758541,1790578851490687000,1005086167,121,121
S,641676711429541,1790578852495360000,1004671000,120,120
S,641677712110083,1790578853496043000,1000680542,120,120
S,641678720443541,1790578854504378000,1008333458,121,121
S,641679724774916,1790578855508712000,1004331375,121,121
S,641680728719124,1790578856512658000,1003944208,120,120
S,641681728752124,1790578857512693000,1000033000,120,120
S,641682731840958,1790578858515784000,1003088834,121,121
S,641683737097749,1790578859521043000,1005256791,120,120
S,641684745395333,1790578860529342000,1008297584,121,121
S,641685748580249,1790578861532529000,1003184916,121,121
S,641686749103583,1790578862533055000,1000523334,120,120
S,641687751793333,1790578863535747000,1002689750,120,120
S,641688762104166,1790578864546060000,1010310833,121,121
S,641689774860958,1790578865558819000,1012756792,77,77
S,641690786537374,1790578866570497000,1011676416,53,53
S,641691799606458,1790578867583568000,1013069084,44,44
S,641692808269666,1790578868592234000,1008663208,45,45
S,641693829343749,1790578869613310000,1021074083,46,46
S,641694838491333,1790578870622459000,1009147584,45,45
S,641695847709124,1790578871631679000,1009217791,45,45
S,641696863321041,1790578872647293000,1015611917,45,45
S,641697875555041,1790578873659529000,1012234000,45,45
S,641698892261166,1790578874676237000,1016706125,46,46
S,641699892565916,1790578875676544000,1000304750,45,45
S,641700903699416,1790578876687680000,1011133500,45,45
S,641701916517708,1790578877700500000,1012818292,45,45
S,641702935541624,1790578878719526000,1019023916,45,45
S,641703950126833,1790578879734113000,1014585209,45,45
S,641704960049874,1790578880744038000,1009923041,45,45
S,641705977500791,1790578881761491000,1017450917,46,46
S,641706988437083,1790578882772429000,1010936292,45,45
S,641708009133874,1790578883793129000,1020696791,46,46
S,641709013874208,1790578884797871000,1004740334,45,45
S,641710016373541,1790578885800373000,1002499333,45,45
S,641711035269874,1790578886819270000,1018896333,45,45
S,641712044035291,1790578887828039000,1008765417,45,45
S,641713044360999,1790578888828366000,1000325708,45,45
S,641714049185124,1790578889833192000,1004824125,46,46
S,641715057796958,1790578890841806000,1008611834,46,46
S,641716064419291,1790578891848431000,1006622333,46,46
S,641717072678749,1790578892856692000,1008259458,46,46
S,641718082276374,1790578893866292000,1009597625,46,46
S,641719091860499,1790578894875877000,1009584125,46,46
S,641720095840249,1790578895879860000,1003979750,46,46
S,641721117143583,1790578896901165000,1021303334,47,47
S,641722138356166,1790578897922380000,1021212583,47,47
S,641723140944041,1790578898924970000,1002587875,46,46
S,641724150925916,1790578899934954000,1009981875,47,47
S,641725156545958,1790578900940576000,1005620042,47,47
S,641726165961791,1790578901949993000,1009415833,46,46
S,641727177638458,1790578902961673000,1011676667,46,46
S,641728186226166,1790578903970262000,1008587708,46,46
S,641729204552291,1790578904988591000,1018326125,47,47
S,641730210418791,1790578905994459000,1005866500,46,46
S,641731214087416,1790578906998129000,1003668625,46,46
S,641732232007166,1790578908016052000,1017919750,47,47
S,641733236661583,1790578909020708000,1004654417,46,46
S,641734238321583,1790578910022370000,1001660000,46,46
S,641735238367249,1790578911022418000,1000045666,46,46
S,641736258818124,1790578912042871000,1020450875,47,47
S,641737272241041,1790578913056295000,1013422917,47,47
S,641738273678166,1790578914057734000,1001437125,46,46
S,641739294342624,1790578915078401000,1020664458,47,47
S,641740299799083,1790578916083860000,1005456459,46,46
S,641741303885124,1790578917087948000,1004086041,46,46
S,641742322357291,1790578918106422000,1018472167,47,47
S,641743324505624,1790578919108573000,1002148333,46,46
S,641744330035124,1790578920114104000,1005529500,47,47
S,641745348993874,1790578921133065000,1018958750,47,47
S,641746368107374,1790578922152180000,1019113500,47,47
S,641747374586541,1790578923158662000,1006479167,46,46
S,641748383422499,1790578924167500000,1008835958,46,46
S,641749395627124,1790578925179706000,1012204625,47,47
S,641750398429833,1790578926182511000,1002802709,46,46
S,641751419642124,1790578927203726000,1021212291,47,47
S,641752422892083,1790578928206978000,1003249959,46,46
S,641753435933124,1790578929220021000,1013041041,48,48
S,641754458071958,1790578930242162000,1022138834,49,49
S,641755466505499,1790578931250597000,1008433541,46,46
S,641756476535458,1790578932260630000,1010029959,46,46
S,641757481713916,1790578933265810000,1005178458,46,46
S,641758486681958,1790578934270780000,1004968042,46,46
S,641759492065874,1790578935276166000,1005383916,46,46
S,641760503360791,1790578936287463000,1011294917,46,46
S,641761510621208,1790578937294725000,1007260417,47,47
S,641762523339583,1790578938307446000,1012718375,48,48
S,641763524038583,1790578939308147000,1000699000,47,47
S,641764540634458,1790578940324745000,1016595875,47,47
S,641765550767249,1790578941334880000,1010132791,47,47
S,641766567907666,1790578942352022000,1017140417,48,48
S,641767572628333,1790578943356745000,1004720667,46,46
S,641768587860708,1790578944371979000,1015232375,46,46
S,641769598239874,1790578945382361000,1010379166,46,46
S,641770607869874,1790578946391993000,1009630000,46,46
S,641771612562833,1790578947396688000,1004692959,46,46
S,641772615050291,1790578948399177000,1002487458,46,46
